,Numero_finess,stjr,Points_ISA,Personnel m√©dical,Internes,Personnels de direction et administratifs,Personnels techniques et ouvriers,Autre sans internes,Autre sans direction et administratif,Autre sans techniques et ouvriers
0,010007300,2,3785.96,7.5,0.0,2.25,,,,
1,010008407,1,165054.79833333334,32.82,0.0,21.19666666666667,26.44,57.69,36.49333333333333,31.25
2,010009132,1,5715.17,1.865,0.0,4.175,13.465,19.835,15.66,6.37
3,010780054,1,787929.0683333338,152.62999999999997,195.09,118.605,112.63,343.825,420.31,426.28499999999997
4,010780062,1,188174.94999999995,29.550000000000004,6.449999999999999,58.45,57.57,150.79,98.79,99.67
5,010780096,1,90756.54333333332,12.144999999999998,3.48,9.685,5.96,20.77,14.565000000000001,18.29
6,010780195,2,179271.0266666667,50.0,0.0,32.37,8.3,48.58,16.21,40.28
7,010780203,2,122463.4516666667,25.189999999999998,0.0,35.36,6.12,,,
8,020000022,1,29670.455,5.890000000000001,1.08,19.79,21.09,48.05,29.339999999999996,28.04
9,020000048,1,20978.50333333333,7.8,0.0,13.0,17.22,35.22,22.22,18.0
10,020000055,1,9384.483333333334,5.430000000000001,0.0,11.27,17.79,,,
11,020000063,1,867100.5833333336,173.87333333333333,188.0,122.215,142.95000000000002,380.49,446.27500000000003,425.54
12,020000071,1,21866.56333333333,3.09,0.0,9.74,17.08,28.86,19.119999999999997,11.780000000000001
13,020000253,1,321834.7500000001,89.89666666666666,52.565,42.849999999999994,53.79,137.625,147.34,136.39999999999998
14,020000261,1,533474.6433333334,123.01999999999998,60.0,75.86,76.88000000000001,214.73000000000002,198.87,197.85
15,020000287,1,214131.4633333333,46.46000000000001,29.28,88.96,81.55,197.68,138.0,145.41
16,020000360,2,37075.52000000001,17.5,0.0,15.91,2.0,,,
17,020004404,1,373304.29000000015,80.71,27.81,81.79,82.44,208.5,154.52,153.87
18,020004495,1,80819.44833333332,20.36,1.9,39.45,31.77,84.42,46.87,54.550000000000004
19,020010047,2,131261.38166666665,34.8,0.0,28.7,6.0,41.1,12.4,35.1
20,030002158,1,3026.32,8.365,0.0,13.585,19.34,39.125,25.54,19.785
21,030780092,1,554335.0883333331,127.88,149.18999999999997,207.74,226.11,534.95,476.4,458.03
22,030780100,1,660669.3733333332,105.87999999999998,91.5,67.37,102.78,211.92000000000002,236.05,200.64000000000001
23,030780118,1,695522.1483333335,143.23,153.78,183.42,206.63,493.04999999999995,463.40999999999997,440.19999999999993
24,030780548,2,59243.47499999999,33.99,0.0,21.44,3.41,33.07,11.629999999999999,29.66
25,030781116,2,151690.11166666666,34.2,3.0,39.31,10.5,60.61,24.3,53.11
26,030785430,2,71391.25666666668,20.33,0.0,18.8,3.0,26.5,7.7,23.5
27,040780215,1,387374.07833333313,58.739999999999995,30.39,73.14,48.65,141.81,99.06,123.55000000000001
28,040780470,2,35399.8,12.3,0.0,11.4,1.5,,,
29,040788879,1,220842.3583333333,80.53,16.35,106.79,114.84,267.87,177.43,169.38
30,050000090,2,74587.72500000002,26.0,0.0,19.2,2.9,,,
31,050000116,1,146930.19333333333,83.91,14.73,64.11,57.84,159.78,110.4,116.67
32,050000124,1,13249.633333333331,10.729999999999999,11.16,29.17,43.91,81.1,63.08999999999999,48.349999999999994
33,050002948,1,621213.7833333332,100.75,31.905000000000005,91.34,87.425,232.35500000000002,172.92,176.835
34,060000528,3,356892.0300000001,91.13000000000001,92.01,145.96,39.34,354.97,301.02,407.64
35,060021417,2,109695.82,50.3,0.0,34.61,5.13,,,
36,060780442,2,22842.380000000005,32.0,0.0,17.0,7.0,28.0,11.0,21.0
37,060780491,3,372410.4350000002,65.17,0.0,36.71,5.25,48.75,12.04,43.5
38,060780517,2,216594.8316666665,81.51,3.0,72.62,21.01,113.89000000000001,44.27,95.88000000000001
39,060780590,2,60781.04999999999,17.5,0.0,13.2,,,,
40,060780715,2,342051.1716666666,127.0,0.0,83.41,18.11,124.1,40.69,105.99
41,060780723,2,98762.325,42.0,0.0,36.08,13.0,54.61,18.53,41.61
42,060780756,2,76790.81999999998,34.86,0.0,24.6,3.68,,,
43,060780897,1,466728.07833333325,92.505,68.25,64.25,73.46,174.85000000000002,178.85,169.64000000000001
44,060780947,3,174552.53999999995,72.9,108.12,112.36,19.21,155.46,151.22,244.37
45,060780954,1,622926.1033333334,179.93,83.25,177.7,85.37,377.15,282.7,375.03
46,060780988,1,762269.4983333333,156.09,141.57,98.33,106.43,257.65,300.89,292.78999999999996
47,060781200,2,97664.88999999998,55.4,0.0,20.66,11.9,36.79,16.130000000000003,24.89
48,060785011,1,2515839.603333333,207.49583333333334,167.24733333333333,149.85,161.56,422.21250000000003,439.6098333333333,427.8998333333334
49,060785219,2,96311.39666666668,63.24,0.0,32.69,10.05,48.53999999999999,15.850000000000001,38.489999999999995
50,060791761,1,176642.88833333334,47.7,36.96,64.35,67.9,155.85,128.46,124.91
51,060791811,3,146432.63333333333,27.970000000000002,18.990000000000002,45.63,40.89,97.6,70.96000000000001,75.7
52,060794013,3,238173.25999999992,44.67,12.0,32.94,4.36,44.57,23.63,52.21
53,060800166,2,153268.27000000005,56.64,0.0,35.71,12.02,53.93000000000001,18.22,41.910000000000004
54,070000096,3,1562.32,,0.0,5.75,13.5,20.85,15.1,7.35
55,070002878,1,103469.86333333331,38.00333333333333,6.6899999999999995,19.653333333333332,20.655,49.685,36.721666666666664,35.72
56,070005558,1,5098.133333333334,0.9199999999999999,0.0,2.81,4.8,8.06,5.25,3.2600000000000002
57,070005566,1,385701.62333333335,64.89166666666665,47.61333333333333,62.825,74.5,189.865,174.6533333333333,162.97833333333335
58,070007927,1,4943.68,3.37,0.0,2.835,2.795,6.9399999999999995,4.105,4.145
59,070780168,2,36904.475000000006,13.28,0.0,17.03,3.43,,,
60,070780358,1,414665.61833333335,81.21,106.52,120.12,103.86,281.43,267.83,284.09
61,070780366,1,851.0,3.16,0.0,6.61,5.21,,,
62,070780374,1,25562.17333333333,3.9399999999999995,1.47,10.64,8.63,23.37,14.200000000000001,16.21
63,070780424,2,230023.9799999999,52.650000000000006,0.0,48.86,13.25,73.71000000000001,24.85,60.46
64,080000037,1,170770.91500000004,41.4,21.0,65.1,57.17,142.5,98.4,106.33
65,080000615,1,793374.3683333336,126.16,132.44,107.97,122.715,355.725,380.195,365.45
66,080001969,1,147786.81333333332,24.435000000000002,23.94,21.97,27.35,57.5,59.47,54.09
67,080010465,3,4938.37,1.5,0.0,,,,,
68,080010473,3,118109.73333333332,12.0,0.0,26.5,,,,
69,090781774,1,485189.1033333332,80.755,45.879999999999995,85.42999999999999,73.46000000000001,202.705,163.155,175.125
70,090781816,1,101732.37333333334,46.0,17.97,88.97,114.53,250.56,179.56,154.0
71,100000017,1,956965.8483333334,193.30249999999998,68.54666666666667,70.5775,105.63000000000001,334.1425,332.1116666666667,297.05916666666667
72,100000082,2,21878.4,11.67,0.0,6.83,2.0,,,
73,100000124,2,106031.55999999998,28.0,0.0,19.84,2.12,,,
74,100006279,1,130392.0183333333,15.617499999999996,16.47,11.42,28.023333333333337,49.47833333333334,54.528333333333336,37.925
75,100010818,3,147739.74500000002,38.91,0.0,41.12,5.0,,,
76,110780061,1,831769.3783333335,169.625,122.50999999999999,114.985,114.585,341.05,348.575,348.975
77,110780087,1,46879.56833333333,16.16,0.0,31.43,32.2,75.83,44.400000000000006,43.629999999999995
78,110780137,1,583698.0483333332,106.21666666666667,47.96666666666667,33.3375,46.325,116.86749999999999,131.49666666666667,118.50916666666666
79,110780228,2,162040.97166666665,38.36,0.0,48.76,10.26,69.82,21.060000000000002,59.559999999999995
80,110780483,2,89705.70666666667,40.42,0.0,27.55,4.89,35.96,8.41,31.07
81,110780707,1,19792.073333333334,9.0,0.0,9.86,14.9,27.91,18.05,13.01
82,120004528,1,162136.4983333334,62.459999999999994,13.440000000000001,36.805,35.050000000000004,96.39500000000001,73.03,74.785
83,120004619,1,58288.13333333334,23.48,0.0,32.79,37.06,86.98,54.19,49.92
84,120780044,1,743051.1983333334,131.75666666666666,82.35,62.32,76.375,199.08166666666665,219.11166666666665,205.05666666666667
85,120780069,1,210676.3883333333,44.083333333333336,9.383333333333333,84.18,44.87,165.01333333333335,90.21666666666667,129.52666666666667
86,120780085,1,45665.7,25.33,1.9500000000000002,30.3,37.8,100.0,71.64999999999999,64.14999999999999
87,130001647,3,854787.985,190.44,244.57,254.32,93.47,638.36,628.6099999999999,789.46
88,130001928,1,43778.19333333334,25.900000000000002,17.0,60.39,67.1,142.49,99.1,92.39
89,130002694,2,5068.25,7.01,0.0,4.09,,,,
90,130008253,2,48779.12,18.0,0.0,16.92,,,,
91,130037922,2,70978.93,39.13,0.0,17.47,4.51,,,
92,130041767,2,33279.91,33.56,0.0,5.0,,,,
93,130041916,1,1065176.4533333348,146.97666666666666,101.89500000000001,90.29333333333334,77.71000000000001,253.91166666666666,265.5133333333333,278.0966666666667
94,130042096,3,45003.39999999999,8.75,0.0,3.0,,,,8.52
95,130043664,3,845562.6983333332,167.64999999999998,9.0,169.88,18.29,216.81,55.93,207.52
96,130044753,2,42069.37,34.0,0.0,10.91,1.04,,,
97,130045263,3,5098.133333333334,,0.0,2.49,2.95,7.44,4.95,4.49
98,130781255,3,19287.983333333337,7.17,0.0,,2.81,,6.24,
99,130781289,2,24337.201666666675,1.25,0.0,2.11,0.42,,,
100,130781370,2,51419.67,14.55,0.0,15.18,3.0,,,
101,130781446,1,276774.7499999998,89.87,68.25,107.91,63.0,225.45,185.79,230.7
102,130781479,2,212414.925,93.09,9.0,58.18,13.0,,,
103,130781867,2,38035.09000000001,41.61,0.0,11.69,,,,
104,130782071,2,66720.34499999999,32.2,0.0,35.72,6.82,,,
105,130782147,2,153846.20499999996,62.5,0.0,35.64,3.62,,,
106,130782162,2,45612.50500000002,31.3,0.0,24.74,2.0,,,
107,130782634,1,447604.2333333333,91.75,72.12,131.12,65.72,252.69,193.69,259.09000000000003
108,130782675,2,35640.125,18.9,0.0,14.26,1.09,,,
109,130783152,3,5850.013333333334,6.16,0.0,13.9,2.5,17.6,3.7,15.1
110,130783327,2,99334.57,64.0,0.0,57.93,14.58,,,
111,130783665,3,69716.14999999998,56.99,0.0,25.7,12.0,48.1,22.4,36.1
112,130783723,2,80009.50000000003,59.01,0.0,30.9,2.96,,,
113,130784051,2,356586.3616666667,87.71000000000001,0.0,45.18,23.84,86.0,40.82,62.16
114,130784226,3,3828.4,2.34,0.33,5.16,0.33,6.48,1.6500000000000001,6.48
115,130784713,2,280376.4716666667,111.53999999999999,0.0,91.27,56.89,173.05,81.78,116.16
116,130784903,2,18620.68,19.64,0.0,16.63,4.36,22.919999999999998,6.29,18.56
117,130785389,2,45563.33000000001,50.5,3.0,23.5,3.0,31.67,11.17,31.67
118,130785512,1,183194.445,39.3,4.47,56.03,68.12,157.0,105.44,93.35
119,130785652,3,1618810.833333335,232.2,54.0,314.18,125.86,578.37,318.19,506.51
120,130785678,2,82729.82666666666,55.86,0.0,38.93,15.22,,,
121,130786049,1,5220789.224999996,283.0821666666667,552.9155,251.51400000000004,212.0257142857143,690.7017142857144,992.1032142857142,1031.5915
122,130786361,2,287538.5516666665,76.26,0.0,56.3,22.72,,,
123,130786445,3,61689.36499999999,22.2,0.0,16.4,3.0,,,
124,130786742,1,293970.1333333333,93.97,122.39999999999999,120.65,41.7,,,
125,130789159,2,11047.88,13.600000000000001,3.0,9.8,10.8,23.200000000000003,16.4,15.4
126,130789274,1,335821.4583333334,88.07,42.03,132.68,149.85,366.42,275.77,258.6
127,130789316,1,506905.9249999998,143.5,72.26,95.09,68.74499999999999,248.505,225.675,252.01999999999998
128,130810740,2,164354.04,76.95,0.0,55.99,10.0,71.64,15.65,61.64
129,130811102,3,5098.133333333334,,1.5,7.4,4.13,,,
130,140000035,1,516592.1733333333,103.26,134.54999999999998,117.47,136.05,320.66,337.74,319.15999999999997
131,140000092,1,265411.50333333336,85.0125,29.368333333333332,24.613999999999997,44.894999999999996,96.404,101.15833333333333,80.87733333333333
132,140000100,1,2751392.648333335,395.19000000000005,501.2066666666667,209.82666666666668,284.74,615.1,906.48,831.5666666666667
133,140000118,1,173928.51833333328,42.489999999999995,26.19,35.155,33.379999999999995,97.57499999999999,88.61,90.38499999999999
134,140000290,2,65584.45500000002,16.0,0.0,9.05,4.59,,,
135,140000340,3,5098.133333333334,6.430000000000001,3.0,7.91,9.24,20.950000000000003,16.04,14.71
136,140000555,3,254996.92000000004,103.17,118.19999999999999,159.08,60.55,407.12000000000006,366.24,464.77000000000004
137,140002452,3,96375.765,24.680000000000003,12.48,58.37,20.21,88.02000000000001,42.129999999999995,80.29
138,140016759,2,218629.7266666665,63.5,0.0,38.79,21.57,70.0,31.21,48.43
139,140017237,2,459543.4000000001,60.1,0.0,62.22,19.83,,,
140,140018730,2,61347.56499999999,16.11,0.0,10.3,2.0,,,
141,140026279,1,113176.51499999996,24.495,18.06,22.925,30.37,60.78,55.915000000000006,48.47
142,140026709,2,35558.72,20.95,0.0,12.7,1.4,18.4,5.699999999999999,17.0
143,150780088,1,123856.81333333332,31.529999999999998,12.86,25.85,20.99,63.709999999999994,50.72,55.58
144,150780096,1,450258.7383333334,101.74,93.64499999999998,82.31,196.46,328.73,340.065,225.915
145,150780120,2,3066.31,4.03,0.0,6.0,6.0,13.25,7.25,7.25
146,150780468,1,31358.669999999995,15.365,6.0,7.965,14.3,28.405,26.44,20.105
147,150780500,1,5098.133333333334,2.6,0.0,13.79,33.35,50.83,37.04,17.479999999999997
148,150780732,2,84477.46166666668,27.2,0.0,52.17,5.8,71.77,19.6,65.97
149,160000121,1,6955.823333333335,4.04,0.0,13.92,43.14,63.980000000000004,50.06,20.84
150,160000170,2,81599.95999999999,28.330000000000002,0.0,19.46,3.49,,,
151,160000279,2,55522.02500000001,10.93,0.0,14.49,6.53,,,
152,160000451,1,804827.1383333335,159.78,182.19,229.71,226.82,580.75,533.23,536.12
153,160000485,1,52207.513333333336,20.0,6.6899999999999995,30.28,25.0,68.71000000000001,45.12,50.4
154,160000493,1,47330.33999999998,9.370000000000001,0.0,34.01,16.08,60.669999999999995,26.659999999999997,44.589999999999996
155,160000519,1,5098.133333333334,2.71,0.0,4.36,4.8,11.95,7.59,7.15
156,160006037,1,59443.82333333332,26.740000000000002,0.0,51.53,52.85,128.53,77.0,75.68
157,160013207,2,138664.86166666666,35.95,0.0,40.37,8.0,72.07,31.700000000000003,64.07
158,160014411,1,188159.33333333337,41.925,17.07,29.44,25.145,65.71,53.339999999999996,57.635
159,170024194,1,1324184.3783333334,242.54500000000002,143.5,82.364,66.624,191.116,252.252,267.992
160,170780050,1,147461.94999999998,52.809999999999995,12.68,43.185,33.635000000000005,112.465,81.96000000000001,91.50999999999999
161,170780167,1,95823.915,29.650000000000002,2.94,51.28,43.25,122.5,74.16,82.19
162,170780175,1,636326.1283333334,144.63,73.04333333333335,67.05999999999999,103.18333333333334,218.5233333333333,224.5066666666667,188.38333333333333
163,170780191,1,223583.2183333333,35.60000000000001,37.92,38.515,33.785,89.77499999999999,89.18,93.91
164,170780225,1,517151.5233333331,87.93,52.62,121.18,33.855,218.025,149.465,236.79000000000002
165,170780266,1,502.17,3.93,0.0,15.46,27.31,46.61,31.15,19.3
166,170780563,2,133092.15,25.5,0.0,25.0,4.0,,,
167,170780613,2,118056.74500000002,28.66,0.0,27.59,4.11,34.21,6.62,30.1
168,170780621,2,49809.39000000001,20.53,0.0,20.5,16.21,42.81,22.310000000000002,26.599999999999998
169,170780647,2,39353.96,18.4,0.0,13.03,2.0,,,
170,170780662,2,67152.32500000004,41.60000000000001,0.0,26.05,5.59,32.68000000000001,6.63,27.090000000000003
171,180000028,1,719409.3233333328,146.71,81.53999999999999,88.305,87.61,228.13,221.36499999999998,222.06
172,180000051,1,236084.2133333333,39.345000000000006,6.42,30.905,31.78,79.665,55.18000000000001,54.30500000000001
173,180000069,1,128607.4433333333,22.42,8.49,23.825,41.099999999999994,79.645,64.30999999999999,47.035000000000004
174,180000358,2,32990.44,11.6,0.0,12.41,2.13,,,
175,180004145,2,152864.0766666667,42.3,0.0,31.29,10.87,52.87,21.58,42.0
176,190000042,1,852268.4233333337,142.8,95.07999999999998,115.425,88.285,267.825,247.47999999999996,274.62
177,190000059,1,372725.4983333334,73.94,47.84,41.163333333333334,48.01333333333334,116.86666666666667,123.54333333333335,116.69333333333334
178,190000075,1,138921.12333333335,41.93,18.69,67.05,37.61,127.89,79.53,108.97
179,190000224,2,130679.12666666666,44.06,0.0,35.72,7.25,47.37,11.65,40.12
180,190000257,2,46226.325,18.16,0.0,19.13,3.11,25.229999999999997,6.1,22.119999999999997
181,210011847,2,104151.9166666667,49.83,0.0,30.22,4.72,,,
182,210012142,1,125115.09333333332,20.229999999999997,1.5,20.84,29.700000000000003,60.193333333333335,40.85333333333334,31.993333333333332
183,210012175,1,347569.82333333325,67.06,51.32999999999999,23.89,29.75,94.815,122.255,116.39499999999998
184,210012670,2,271488.78499999986,73.5,12.0,69.9,13.1,95.92,38.019999999999996,94.82000000000001
185,210780581,1,2883344.558333333,473.5200000000001,998.4300000000002,346.395,448.52,1187.26,1839.295,1737.17
186,210780631,1,8416.853333333334,2.12,0.0,1.35,5.52,7.959999999999999,6.609999999999999,2.44
187,210780706,1,241972.985,66.62,14.780000000000001,41.019999999999996,28.86,94.19,67.95,80.11
188,210780789,2,118637.56166666668,45.1,3.0,27.4,6.8,42.99999999999999,18.6,39.199999999999996
189,210987731,3,205661.89333333337,76.47,124.97999999999999,146.16,85.51,403.79999999999995,382.62,443.27
190,220000020,1,1457866.9133333336,248.1825,225.09,177.88,317.15,643.0999999999999,690.31,551.04
191,220000046,1,358028.9883333332,69.65,52.56,92.78,117.6,260.30999999999995,220.09,195.26999999999998
192,220000079,1,320155.6083333334,61.879999999999995,30.93,97.67,80.93,226.44,159.70000000000002,176.44
193,220000103,1,372602.735,69.35000000000001,54.7,62.83,59.565,152.18,144.05,147.315
194,220000111,2,45693.76000000001,15.0,0.0,20.11,,,,
195,220000152,1,136377.87333333332,24.735000000000003,16.619999999999997,27.759999999999998,37.005,98.41499999999999,87.275,78.03
196,220000236,3,2555.4,15.629999999999999,0.0,63.45,73.89,152.73000000000002,89.28,78.84
197,220005045,1,20332.42333333333,9.6,0.0,32.99,76.33,120.39,87.4,44.06
198,220005599,2,86857.76500000001,14.5,0.0,16.74,,,,
199,220021968,1,42884.53333333333,5.3,0.0,4.53,11.315,18.085,13.555,6.7700000000000005
200,220022800,2,248042.54166666663,55.86,9.0,60.8,10.81,100.43,48.63,98.62
201,230780041,1,372328.4183333332,61.16499999999999,33.41499999999999,54.48,45.455,131.15499999999997,110.08999999999999,119.11499999999998
202,230780058,1,14832.02,13.325,0.0,16.200000000000003,27.84,47.940000000000005,31.740000000000002,20.100000000000005
203,230780066,1,21905.1,5.79,0.0,17.7,31.23,55.67,37.97,24.44
204,230780074,1,413.12,14.260000000000002,7.470000000000001,39.45,54.66,114.03,82.05,66.84
205,230780082,3,64825.42333333333,16.75,8.43,31.86,53.64,98.85,75.41999999999999,53.64
206,230780157,2,34102.90500000001,12.0,0.0,13.05,1.2,,,
207,240000059,1,326168.0083333333,54.2,30.450000000000003,82.35,79.11,203.03,151.13,154.37
208,240000067,1,7367.113333333334,1.8,0.0,7.99,2.9,13.280000000000001,5.29,10.38
209,240000075,1,3455.2650000000003,2.32,0.0,6.69,8.2,16.89,10.2,8.690000000000001
210,240000083,1,7194.365,28.55,9.0,71.26,92.66,207.03,144.76999999999998,123.37
211,240000109,1,5098.133333333334,2.6,0.0,9.7,23.31,34.56,24.86,11.25
212,240000117,1,860928.728333334,173.93,150.99,227.48,275.34,595.8,519.31,471.45000000000005
213,240000190,2,163238.07166666666,37.199999999999996,0.0,41.4,6.0,60.08,18.68,54.08
214,240000208,2,45866.51,11.5,0.0,20.0,3.0,25.5,5.5,22.5
215,240000216,2,51811.50000000001,13.0,0.0,8.85,5.92,,,
216,240000448,1,122411.99333333336,24.700000000000003,12.0,57.04,52.95,134.81,89.77000000000001,93.86
217,250000015,1,2129293.248333333,392.94500000000005,631.565,283.57,316.0,781.125,1129.1200000000001,1096.69
218,250000221,1,7467.613333333335,8.93,0.0,9.65,14.75,,,
219,250000239,1,5098.133333333334,,0.0,12.3,25.2,40.19,27.89,14.99
220,250000270,2,206923.0816666667,56.06,0.0,44.02,11.32,65.46000000000001,21.44,54.14
221,250000452,1,298802.4733333334,63.495,67.10000000000001,23.8625,39.57,81.74916666666667,124.98666666666668,109.27916666666667
222,250011848,3,233597.89499999996,39.95,0.0,34.82,19.18,,,
223,260000021,1,958536.7783333336,233.26999999999998,242.37,291.53,255.0,697.03,647.87,684.4
224,260000047,1,577879.1983333332,127.11,103.16,80.6,82.3,253.01,275.57,273.87
225,260000054,1,49104.013333333336,19.32,9.209999999999999,36.83,39.06,95.36,67.74,65.50999999999999
226,260000104,1,14550.0,13.26,0.0,25.62,27.88,66.53999999999999,40.92,38.66
227,260000195,3,40655.78999999999,8.4,0.0,12.93,7.06,27.81,14.879999999999999,20.75
228,260000260,2,54448.69999999999,20.5,0.0,17.87,2.0,23.67,5.8,21.67
229,260003017,2,92408.32,29.5,0.0,35.5,2.09,45.620000000000005,10.120000000000001,43.53
230,260006267,2,19788.97666666667,31.45,0.0,9.66,,,,14.51
231,260016910,1,449114.34833333327,57.41,35.715,73.48,91.655,200.3,162.535,144.36
232,270000060,1,101297.025,32.699999999999996,3.54,72.94,37.85,125.43,56.03,91.12
233,270000086,1,91036.39833333336,33.1,3.0,61.78,41.8,132.51999999999998,73.74,93.72
234,270000102,1,69359.27333333333,14.265,5.76,25.7,36.63,80.75,60.81,49.879999999999995
235,270000326,2,95465.55166666664,25.0,0.0,32.02,4.0,,,
236,270000862,2,69352.61500000002,27.5,0.0,30.8,4.7,,,
237,270023724,1,857136.3633333329,117.10333333333332,116.46000000000001,101.49,110.83500000000001,282.755,297.725,288.38
238,280000134,1,970178.2283333328,165.49,154.74,73.61,81.15666666666667,213.72666666666666,294.8566666666667,287.31
239,280000183,1,705268.8283333331,164.83,147.06,183.99,195.68,479.35,442.42,430.73
240,280000225,1,5098.133333333334,2.6500000000000004,0.0,5.83,15.24,23.65,17.82,8.41
241,280000449,2,10829.22,5.8,0.0,12.0,1.5,16.6,4.6,15.100000000000001
242,280000589,1,108054.41333333332,29.150000000000002,1.44,34.03,40.07,87.55000000000001,54.959999999999994,48.92
243,280500075,1,120961.72333333331,31.009999999999998,9.99,55.71,58.55,144.26,98.53999999999999,95.7
244,280505777,2,108534.08166666668,38.0,0.0,40.0,15.14,66.5,26.5,51.36
245,290000017,1,2373736.999999999,235.8898333333333,244.93199999999996,100.99499999999999,118.77833333333332,321.6758333333333,465.6128333333333,447.82949999999994
246,290000041,1,155895.7533333333,50.7,49.14,69.11,58.26,160.79999999999998,140.82999999999998,151.68
247,290000074,1,150164.09833333333,28.510000000000005,16.2,28.65,28.92,71.56,59.11,58.84
248,290000108,1,5098.133333333334,12.5,3.0,16.37,32.02,50.540000000000006,37.17,21.52
249,290000116,1,5098.133333333334,6.16,0.0,2.2,3.7,12.650000000000002,10.45,8.950000000000001
250,290000140,2,96776.18666666668,40.04,0.0,35.71,9.47,61.59,25.880000000000003,52.120000000000005
251,290000207,2,70450.47666666667,29.2,0.0,27.29,6.01,36.03,8.74,30.02
252,290000215,2,134355.46499999997,27.78,0.0,17.12,6.34,,,
253,290000728,1,141081.00333333336,51.42,47.7,97.72,62.78,,,
254,290000785,3,185569.74833333332,52.03000000000001,21.0,69.46,42.6,136.69,88.23,115.08999999999999
255,290000975,3,14924.369999999995,28.36,6.99,55.66,59.46,136.47,87.8,84.0
256,290004142,2,72396.605,21.91,0.0,10.28,1.03,,,
257,290019777,2,231773.55000000008,55.37,0.0,44.76,19.11,75.74000000000001,30.98,56.63
258,290020700,1,1194399.933333334,145.4425,136.5,82.08500000000001,87.3225,250.02499999999998,304.44,299.2025
259,290021542,1,483013.45499999984,102.60499999999999,78.67999999999999,89.36999999999999,119.36999999999999,256.825,246.135,216.135
260,290023431,2,44646.44000000002,22.0,0.0,14.8,2.5,,,
261,2A0000014,1,503188.08833333344,101.14,76.0,210.69,229.64,530.7,396.01,377.06
262,2A0000139,2,96784.96166666666,31.57,0.0,19.8,8.0,,,
263,2A0000154,2,45295.780000000006,15.5,0.0,42.0,2.0,55.6,13.6,53.6
264,2A0000386,1,23785.118333333336,38.86,9.09,94.04,86.01,222.38,137.43,145.46
265,2B0000020,1,590123.2849999999,140.195,41.699999999999996,91.88,139.94,332.71999999999997,282.53999999999996,234.47999999999996
266,2B0000079,2,12716.790000000005,9.0,0.0,6.0,0.5,,,
267,2B0000392,2,59874.26499999999,13.959999999999999,0.0,17.14,6.86,,,
268,2B0004246,1,517.68,7.999999999999999,0.0,17.25,18.0,43.2,25.95,25.2
269,2B0005342,1,26897.42333333332,9.37,5.04,10.76,6.28,,,
270,2B0005664,2,3807.476666666667,,0.0,3.25,,,,3.25
271,300002508,2,16356.4,17.2,0.0,6.8,1.0,,,
272,300017498,2,11144.53,8.0,0.0,8.22,0.45,,,
273,300780038,1,2158777.5283333333,425.13,326.105,192.70666666666668,269.48,583.37,716.7683333333334,639.995
274,300780046,1,524184.0533333333,95.13666666666666,44.233333333333334,49.47666666666666,69.65333333333335,156.01666666666668,150.77333333333337,130.59666666666666
275,300780053,1,312441.8850000001,86.53999999999999,57.39,123.39,88.28,268.90999999999997,202.91000000000003,238.01999999999998
276,300780079,1,5098.133333333334,4.54,1.5,22.55,40.42,67.98,46.93,29.060000000000002
277,300780087,1,5098.133333333334,7.9,4.56,29.69,55.62,96.09,70.96000000000001,45.03
278,300780137,2,125424.68166666669,46.66,0.0,37.94,3.68,52.279999999999994,14.34,48.599999999999994
279,300780152,2,247890.28000000003,63.43,2.0100000000000002,32.03,6.79,,,
280,300781010,1,14125.573333333334,3.8000000000000003,0.0,8.94,14.69,27.119999999999997,18.18,12.43
281,300781465,2,91745.36499999996,42.0,0.0,18.69,5.0,,,
282,300788502,2,232022.845,81.52000000000001,2.0100000000000002,44.5,4.36,,,
283,310021571,2,3751.13,9.129999999999999,6.0,9.05,9.27,,,
284,310026083,2,172199.89500000005,109.6,6.0,38.22,8.6,55.31,23.09,52.71
285,310026927,2,375504.1116666666,106.59,0.0,80.97,10.34,116.85000000000001,35.879999999999995,106.51
286,310780150,2,134425.25000000003,47.300000000000004,0.0,40.25,26.53,,,
287,310780259,2,593444.9166666667,80.7,9.0,100.0,84.0,219.0,128.0,144.0
288,310780283,2,366990.0166666664,68.91,0.0,79.31,17.26,150.39999999999998,71.09,133.14
289,310780366,2,17722.726666666666,15.13,3.0,16.13,21.09,41.93,28.8,23.84
290,310780382,2,194026.59000000003,49.64,0.0,37.34,7.5,50.31000000000001,12.97,42.81000000000001
291,310780671,1,358474.8933333335,96.495,29.700000000000003,45.0,34.364999999999995,108.58,93.28,103.915
292,310781000,2,443892.8666666664,78.8,0.0,73.45,13.98,128.63,55.18000000000001,114.65
293,310781067,3,178466.6733333333,61.059999999999995,34.22,85.31,8.11,121.23,70.14,147.34
294,310781406,1,4665449.888333337,356.1489761904762,356.25,137.44875000000002,212.93624999999997,498.32642857142855,717.1276785714285,641.6401785714286
295,310781505,2,265127.1766666666,54.2,0.0,45.2,10.91,,,
296,310781695,2,3807.476666666667,11.8,0.0,7.8,2.73,12.58,4.779999999999999,9.85
297,310782016,2,26410.1,100.7,0.0,21.91,20.93,46.58,24.67,25.65
298,310782347,3,170147.1,95.9,102.0,190.69,58.41,485.69999999999993,397.01,529.29
299,310786256,1,13059.11,8.16,9.0,26.46,38.97,72.3,54.839999999999996,42.33
300,320004310,1,10813.303333333331,12.32,0.0,8.05,25.58,36.129999999999995,28.08,10.55
301,320780067,2,55572.62000000001,24.040000000000003,0.0,21.89,3.13,,,
302,320780117,1,502473.005,94.85,72.0,142.0,132.88,333.45,263.45,272.57
303,320780133,1,28872.98333333333,11.27,0.0,12.24,14.3,33.03,20.79,18.73
304,320780158,1,10041.813333333335,5.640000000000001,0.0,7.76,22.07,31.93,24.17,9.86
305,320780174,1,25025.163333333338,5.54,0.0,11.0,34.3,47.4,36.4,13.100000000000001
306,320780182,1,5098.133333333334,2.99,0.0,5.86,12.0,18.26,12.4,6.260000000000001
307,320780208,1,5098.133333333334,3.18,0.0,9.0,27.94,40.75,31.75,12.81
308,330000217,3,5636.553333333334,8.57,0.0,13.6,1.43,18.82,5.22,17.39
309,330000332,3,82477.74833333335,27.2,18.299999999999997,23.8,12.3,44.8,39.3,50.8
310,330000340,3,631557.3833333333,126.63999999999999,40.5,180.15,47.51,270.95,131.3,263.94
311,330000662,3,265725.26,106.32000000000001,84.6,163.4,85.08,453.41,374.61,452.93000000000006
312,330027509,1,317470.1583333332,38.51,15.225000000000001,48.695,51.775000000000006,128.005,94.535,91.45500000000001
313,330060658,3,65560.42499999999,18.5,0.0,12.93,2.76,17.189999999999998,4.26,14.43
314,330780040,2,71601.5,58.61,0.0,34.94,,,,
315,330780081,2,336455.85499999986,55.9,3.0,30.5,8.0,46.94,19.44,41.94
316,330780115,2,143241.4316666667,46.5,0.0,29.04,,,,37.339999999999996
317,330780206,2,63132.08166666667,23.71,0.0,19.27,1.0,28.47,9.2,27.47
318,330780263,2,228558.4966666666,51.55,0.0,61.55,,,,68.5
319,330780271,2,46219.560000000005,20.0,0.0,15.14,3.0,,,
320,330780354,2,20524.076666666664,7.76,0.0,11.47,10.42,23.990000000000002,12.52,13.57
321,330780370,3,2192.73,3.4899999999999998,0.0,6.94,2.21,,,
322,330780479,2,434293.0916666668,113.72,0.0,118.73,6.8,182.45000000000002,63.72,175.65
323,330780487,2,12533.23,,0.0,10.98,,,,
324,330780495,3,204069.1683333334,30.49,3.0,79.23,9.05,92.89,16.66,86.84
325,330780503,2,152643.06999999995,50.019999999999996,0.0,46.47,12.5,63.87,17.4,51.37
326,330780511,2,55489.916666666686,21.5,0.0,16.97,6.2,,,
327,330780529,3,387123.33833333326,74.91,4.9799999999999995,122.42,11.67,156.42999999999998,38.989999999999995,149.73999999999998
328,330780537,3,265342.5150000001,44.3,0.0,36.3,32.65,72.21,35.91,39.559999999999995
329,330781139,3,751.88,9.9,7.5,29.63,34.4,79.03,56.9,52.129999999999995
330,330781196,1,4935730.308333335,515.6083333333333,622.553,252.63000000000002,335.252,754.4680000000001,1124.391,1041.769
331,330781204,1,351936.5483333332,83.44999999999999,49.879999999999995,81.8,60.63,182.42,150.5,171.67
332,330781212,1,3318.72,3.0,0.0,10.4,11.6,25.5,15.1,13.9
333,330781220,1,183877.0933333333,40.53,7.529999999999999,65.56,37.25,123.25,65.22,93.53
334,330781253,1,1206096.2183333335,211.7,132.92000000000002,149.86499999999998,185.94,481.74999999999994,464.805,428.72999999999996
335,330781261,1,39237.62833333333,10.450000000000001,4.0200000000000005,39.58,25.31,76.46,40.9,55.169999999999995
336,330781303,1,45908.19,52.45,12.059999999999999,128.25,36.39,,,
337,330781402,2,85856.85666666667,40.0,0.0,25.08,8.95,47.769999999999996,22.689999999999998,38.82
338,330782582,2,165250.31999999992,49.3,3.0,37.86,5.89,51.65,16.79,48.76
339,340000025,3,7971.65,16.02,0.0,51.21,8.36,95.96999999999998,44.76,87.60999999999999
340,340000207,3,376586.4300000001,97.48,153.0,188.16,35.76,399.93999999999994,364.78,517.18
341,340009885,2,98730.54166666669,47.67,0.0,25.04,5.0,33.28,8.24,28.279999999999998
342,340009893,1,5098.133333333334,2.5300000000000002,0.0,11.49,16.27,31.54,20.05,15.27
343,340011295,1,514173.8433333332,66.50833333333334,20.19,43.36333333333332,44.11000000000001,124.66333333333333,101.49000000000001,100.74333333333331
344,340015502,2,452758.0150000001,88.11,12.0,66.18,7.21,78.86,24.68,83.65
345,340015965,2,240110.27166666655,44.07,0.0,35.1,5.0,48.66,13.56,43.66
346,340022979,2,196579.60000000003,89.1,9.3,61.41,,,,74.86999999999999
347,340780055,1,893617.8733333334,158.77,101.02000000000001,66.48249999999999,141.87,332.93916666666667,367.4766666666667,292.08916666666664
348,340780139,2,57896.59,28.0,0.0,19.78,3.0,,,
349,340780147,2,15510.83,17.95,0.0,10.9,1.7,,,
350,340780154,2,37948.38,29.099999999999998,0.0,16.7,2.0,20.8,4.1,18.8
351,340780451,1,8381.303333333333,4.489999999999999,3.3600000000000003,12.73,20.98,,,
352,340780477,1,3875231.9383333367,239.15766666666667,304.97933333333333,105.11999999999999,66.6375,295.6849285714286,495.5442619047619,534.0267619047619
353,340780519,1,12230.655,2.44,0.0,7.18,13.37,27.299999999999997,20.119999999999997,13.93
354,340780535,1,25900.16333333333,5.84,6.1499999999999995,11.24,16.1,30.330000000000002,25.240000000000002,20.38
355,340780543,1,8767.943333333335,4.569999999999999,1.98,9.17,14.52,26.619999999999997,19.43,14.08
356,340780568,2,6122.030000000001,6.58,0.0,16.41,3.5,21.72,5.3100000000000005,18.22
357,340780634,2,188332.16999999987,72.8,15.0,42.6,17.74,,,
358,340780642,3,261653.105,66.33,36.0,68.4,24.21,,,
359,340780667,2,391158.4666666667,100.72,15.0,65.39,10.15,88.45000000000002,38.06,93.30000000000001
360,340780675,2,143093.31333333335,67.8,0.0,41.78,2.93,50.7,8.92,47.77
361,340780717,2,89083.62,24.35,0.0,20.98,7.76,30.82,9.84,23.06
362,340780725,2,68203.185,41.5,0.0,20.51,0.75,,,
363,340780741,2,75732.91000000003,35.5,0.0,21.49,6.0,,,
364,340781608,3,24719.49333333334,9.1,7.11,15.59,8.74,28.270000000000003,19.79,26.64
365,350000022,1,830062.0683333331,171.615,137.39999999999998,99.645,79.765,258.055,295.81,315.68999999999994
366,350000030,1,299214.8483333334,58.93,43.980000000000004,86.9,79.24,205.26,162.33999999999997,170.0
367,350000048,1,259272.64333333328,44.525,23.4,39.105000000000004,32.38,91.04500000000002,75.34,82.065
368,350000055,1,204502.91333333336,40.435,19.32,25.76,38.41,80.6,74.16,61.51
369,350000063,3,12889.873333333331,6.8,3.0,9.97,8.17,20.69,13.719999999999999,15.520000000000001
370,350000071,3,10314.13,6.85,0.0,14.04,2.9,19.409999999999997,5.369999999999999,16.509999999999998
371,350000089,1,5699.15,4.65,0.0,10.09,32.24,46.040000000000006,35.95,13.8
372,350000121,2,437864.2016666666,108.33,6.0,85.33,14.5,123.0,43.67,114.5
373,350000139,3,291201.27500000014,54.1,18.0,91.4,,,,124.74000000000001
374,350000196,2,96312.28,40.0,0.0,18.96,3.0,,,
375,350000204,3,8416.853333333334,3.1,0.0,4.61,1.24,6.94,2.33,5.7
376,350002192,3,268268.25833333324,68.99,21.0,61.25,32.87,111.88999999999999,71.64,100.02
377,350002200,3,15647.77,13.93,3.06,25.19,24.04,53.67,31.54,32.69
378,350002291,1,9323.963333333331,8.82,0.0,10.05,15.71,29.0,18.950000000000003,13.29
379,350002317,1,5098.133333333334,,1.56,10.85,17.98,32.51,23.22,16.09
380,350002812,3,61024.26833333333,52.06,72.0,97.75,18.7,246.0,220.24999999999997,299.3
381,350005021,3,94979.08333333334,20.26,11.52,29.24,23.9,65.13,47.41,52.75
382,350005146,2,230446.4866666666,52.9,0.0,44.6,22.95,78.01,33.41,55.06
383,350005179,1,3393395.413333334,312.9291666666667,632.545,182.8175,271.7625,620.3308333333333,1070.0583333333334,981.1133333333332
384,350048518,1,6476.933333333334,8.525,0.8250000000000001,17.165000000000003,22.655,42.935,26.595000000000002,21.105000000000004
385,360000046,1,38373.96333333333,27.319999999999997,6.0,55.26,66.79,135.26,86.0,74.47
386,360000053,1,767682.6733333332,119.39000000000001,48.223333333333336,74.69333333333333,57.35333333333333,177.82,151.35,168.69
387,360000061,1,17682.713333333333,6.1,0.0,24.71,35.48,64.17,39.459999999999994,28.69
388,360000129,2,67880.22166666666,18.25,0.0,18.78,4.8,,,
389,360002232,2,11685.336666666668,10.799999999999999,0.0,8.5,12.2,22.7,14.2,10.5
390,370000051,2,31590.76000000001,8.39,0.0,8.23,3.54,,,
391,370000085,2,205133.725,,0.0,13.64,7.09,,,
392,370000093,2,382503.8066666668,67.7,0.0,39.0,10.71,56.260000000000005,17.26,45.550000000000004
393,370000481,1,3033040.058333336,316.25416666666666,282.10350000000005,154.612,214.64,524.1220000000001,651.6135,591.5855000000001
394,370000564,1,178023.27499999997,28.5,13.525,38.195,37.78,91.13,66.46000000000001,66.875
395,370000606,1,134655.82333333333,53.42,31.14,78.27,93.44,196.12,148.99,133.82
396,370000614,1,89945.78333333334,24.865,18.0,21.425,25.97,58.865,55.44,50.895
397,370002701,1,5098.133333333334,5.9799999999999995,7.5,13.28,27.19,48.400000000000006,42.620000000000005,28.71
398,370004327,1,11719.553333333331,5.53,0.48,2.54,1.94,,,
399,370007569,2,284756.1366666666,71.32,0.0,75.62,15.8,113.79,38.17,97.99000000000001
400,370013286,3,7011.005,1.8599999999999999,0.0,,,,,
401,380012658,3,679888.043333333,165.53,106.5,160.59,44.33,255.17000000000002,201.07999999999998,317.34000000000003
402,380013037,2,2677.19,13.5,0.0,12.8,,,,
403,380020123,2,32354.88,40.2,0.0,14.1,1.0,,,
404,380780023,1,34800.07,7.2,9.0,16.46,7.0,26.17,18.71,28.17
405,380780031,1,19376.17,14.25,0.48,29.11,22.23,60.31,31.680000000000003,38.559999999999995
406,380780049,1,669494.4583333331,140.24999999999997,82.97333333333334,91.265,59.43,202.085,193.79333333333335,225.62833333333333
407,380780056,1,82686.76333333332,21.11,0.0,40.72,27.34,82.14999999999999,41.43,54.809999999999995
408,380780072,1,22412.06333333333,5.84,0.0,20.36,20.83,46.65,26.29,25.82
409,380780080,1,3218539.0833333344,567.1949999999999,1033.955,472.96999999999997,496.315,1257.49,1818.475,1795.1299999999999
410,380780171,1,21395.713333333333,12.95,0.0,25.96,14.74,49.84,23.880000000000003,35.1
411,380780197,3,204308.955,32.11,0.0,27.4,7.14,46.68,19.279999999999998,39.54
412,380780213,1,5098.133333333334,,0.0,11.71,5.52,24.73,13.02,19.21
413,380780288,2,51684.17,42.48,0.0,31.85,2.0,,,
414,380781435,1,615470.4183333333,142.97,150.18,152.88,169.31,397.42999999999995,394.73,378.29999999999995
415,380784751,1,378713.5833333334,78.595,36.64,50.15,30.215,130.885,117.375,137.31
416,380785956,2,187535.32166666668,58.05,6.0,37.71,13.0,56.81,25.1,49.81
417,380786442,2,290077.855,88.49000000000001,0.0,54.23,22.09,,,
418,390780146,1,571146.1183333334,86.99166666666667,71.16,48.73,36.56666666666667,106.36666666666667,128.79666666666668,140.95999999999998
419,390780153,1,5098.133333333334,7.449999999999999,0.0,7.81,8.58,,,
420,390780161,1,49395.90999999999,18.519999999999996,2.73,36.44,27.6,80.35,46.64,55.48
421,390780559,2,22643.12,7.5,0.0,5.5,,,,
422,390780575,3,98099.22999999998,15.55,0.0,12.41,6.24,,,
423,390780609,1,402091.7949999999,84.28999999999999,75.96000000000001,53.865,72.54,152.585,174.68,156.005
424,400000261,3,1123.42,5.25,0.0,16.15,19.35,43.22,27.07,23.869999999999997
425,400011177,1,785922.8633333334,149.57,20.979142857142854,63.535,49.22666666666666,175.57,133.01414285714284,147.32247619047618
426,400780193,1,798507.4033333334,133.70499999999998,64.89500000000001,60.18333333333334,278.96,427.59666666666664,432.3083333333333,213.53166666666667
427,400780268,1,6849.403333333335,,0.0,6.8,21.13,,,
428,400780342,2,39359.395,18.6,0.0,8.93,1.0,,,
429,400780359,2,51708.275,20.0,0.0,15.6,1.85,,,
430,400782769,2,39800.17,14.7,0.0,15.32,2.0,20.07,4.75,18.07
431,410000087,1,742127.4783333336,159.95000000000002,210.57,205.04,237.97,554.39,559.9200000000001,526.99
432,410000095,1,171011.68833333324,22.779999999999998,14.066666666666666,19.900000000000002,53.67,83.905,78.07166666666666,44.30166666666667
433,410000103,1,168109.38833333328,47.66,22.14,76.25,75.1,180.9,126.78999999999999,127.94000000000001
434,410000111,1,8553.398333333334,3.89,0.51,5.92,11.58,22.18,16.770000000000003,11.110000000000001
435,410000202,2,153888.1466666667,47.4,0.0,49.9,3.0,73.06,23.16,70.06
436,410004998,2,87206.36999999998,20.0,0.0,16.5,2.61,,,
437,420000192,3,8775.39,2.9,0.0,4.55,2.73,8.6,4.05,5.87
438,420002495,1,316479.8033333334,39.17,29.843333333333327,35.42333333333334,77.8,127.45,121.87,79.49333333333334
439,420010050,3,354904.025,64.71000000000001,39.0,62.33,9.13,77.35,54.02,107.22
440,420011413,2,408606.3916666665,100.78,15.0,55.82,26.73,99.56,58.74,87.83
441,420013492,1,80076.09333333334,35.3,75.48,72.67,49.88,188.17,190.98000000000002,213.76999999999998
442,420013831,1,384022.59333333327,56.915,46.33999999999999,72.815,52.05,158.435,131.95999999999998,152.725
443,420780033,1,667544.0283333326,132.86499999999998,122.95500000000001,100.125,102.80000000000001,265.725,288.55500000000006,285.88
444,420780504,2,137064.78999999998,39.42,0.0,33.0,4.0,40.9,7.9,36.9
445,420780652,1,382075.8900000001,86.11999999999999,105.0,114.68,83.03,252.47,242.79000000000002,274.44
446,420782310,2,158804.2916666667,36.0,0.0,28.6,3.84,37.94,9.34,34.1
447,420782591,2,9257.495,11.1,0.0,10.56,1.5,14.06,3.5,12.56
448,420784878,1,2450256.518333336,260.1666666666667,355.6816666666666,231.11333333333334,239.66333333333333,600.3366666666667,724.905,716.355
449,430000018,1,645842.933333333,138.26,164.7,187.25,120.61,403.21000000000004,380.65999999999997,447.3
450,430000034,1,90469.37333333332,27.919999999999998,9.209999999999999,36.76,29.14,79.55,52.0,59.62
451,430000059,1,5916.363333333335,4.4799999999999995,0.0,4.43,1.8,,,
452,430000067,1,4853.68,6.3,0.0,8.77,16.08,28.61,19.84,12.53
453,430000091,1,5098.133333333334,,0.0,13.96,25.55,45.69,31.73,20.14
454,430000109,2,48031.16000000001,15.27,0.0,10.7,1.51,,,
455,430007450,2,10103.505,5.05,0.0,4.8,1.7,,,
456,440000057,1,987148.5283333334,171.11333333333332,132.04166666666669,90.23333333333335,92.57999999999998,232.96,274.7683333333333,272.42166666666674
457,440000289,1,3654995.538333335,456.4561904761905,379.15,167.128,229.37833333333333,534.5970476190475,746.6190476190476,684.3687142857143
458,440000313,1,161791.94999999995,39.83166666666666,28.200000000000003,26.035,20.33666666666667,71.70500000000001,73.87,79.56833333333334
459,440000404,2,59645.72000000001,15.83,0.0,12.48,0.99,,,
460,440000412,2,109519.95000000004,47.550000000000004,0.0,33.88,16.27,58.019999999999996,24.14,41.75
461,440000487,2,37957.21,4.6,0.0,8.75,0.44,,,
462,440001113,3,139105.22999999998,84.29,78.75,137.44,31.3,342.28000000000003,283.59000000000003,389.73
463,440002020,2,144815.04499999998,38.57,0.0,30.49,27.4,62.879999999999995,32.39,35.48
464,440029338,3,222290.09000000003,45.26,16.200000000000003,69.28,16.95,,,
465,440029379,2,121269.23999999998,54.32,0.0,40.24,12.58,,,
466,440033819,2,307777.30166666646,93.5,0.0,50.0,171.5,,,
467,440041531,1,21304.838333333333,4.85,3.0,5.816666666666666,9.223333333333334,20.526666666666667,17.71,14.303333333333333
468,440041580,2,568922.0366666673,131.15,6.0,97.45,24.97,158.4,66.95,139.43
469,440050433,3,290528.51333333337,49.88999999999999,15.0,81.28,10.2,125.04,58.760000000000005,129.84
470,440053643,1,174640.7583333334,26.195,29.97,25.31,27.655,61.53,66.19,63.845
471,450000088,1,1867025.3583333327,352.26500000000004,328.0,225.6,257.135,774.63,877.03,845.495
472,450000096,1,139867.8883333333,39.699999999999996,9.0,51.85,40.75,109.36,66.50999999999999,77.61
473,450000104,1,554847.6600000001,109.14000000000001,89.55,88.07000000000001,71.055,196.26500000000001,197.745,214.76
474,450000112,1,54504.49,24.03,11.01,42.55,31.22,97.3,65.76,77.09
475,450000153,1,2643.58,1.59,0.0,8.89,23.18,33.129999999999995,24.24,9.95
476,450000161,1,5098.133333333334,2.1,0.0,11.8,20.81,,,
477,450000237,2,43416.985,,0.0,11.19,13.96,,,
478,450000245,2,140081.07666666666,36.8,0.0,27.53,20.86,53.01,25.48,32.15
479,450000294,2,150692.40166666664,26.8,6.0,28.98,4.76,52.67,29.689999999999998,53.910000000000004
480,450000336,3,10455.763333333334,5.8500000000000005,0.0,9.66,2.68,15.370000000000001,5.710000000000001,12.690000000000001
481,450010079,2,230976.89,48.13,3.0,40.74,6.05,,,
482,450012968,2,34990.935000000005,13.5,0.0,13.8,2.0,,,
483,460006075,2,3807.476666666667,10.9,0.0,2.13,,,,3.28
484,460780083,1,193341.7233333334,30.46,13.11,21.395,37.4,69.015,60.73,44.724999999999994
485,460780091,1,39428.35333333333,14.45,3.0,21.5,20.58,50.68,32.18,33.1
486,460780208,1,68046.25833333333,17.75,0.24,32.19,19.66,67.42999999999999,35.480000000000004,48.01
487,460780216,1,457903.508333333,118.41000000000003,37.14,68.94,47.42,173.54000000000002,141.74,163.26
488,460780430,1,9587.173333333334,,0.0,3.98,1.47,5.71,1.73,4.24
489,470000027,2,348170.8966666667,48.84,0.0,67.76,37.43,113.84,46.08,76.41000000000001
490,470000324,1,194161.8533333334,53.58,35.64,81.05,97.92,234.2,188.79000000000002,171.91999999999996
491,470000381,1,12313.515,34.99,20.82,95.01,85.23,249.97000000000003,175.77999999999997,185.56
492,470001660,1,355684.78833333333,48.803333333333335,29.97,31.013333333333335,58.62,135.51,134.46666666666667,106.86
493,470016049,3,192635.705,16.5,0.0,18.5,1.0,,,
494,470016171,1,655663.6083333326,109.38833333333332,43.351666666666674,41.00500000000001,43.01666666666667,115.23500000000001,117.58166666666668,115.57000000000002
495,480780097,1,240863.2683333333,58.515,18.0,34.46666666666667,22.115,79.61166666666666,63.144999999999996,75.49666666666667
496,480780121,1,2396.45,6.75,0.0,1.76,3.76,,,
497,480780154,1,517.68,4.01,0.0,3.49,6.8,,,
498,480780162,1,5699.15,3.9000000000000004,0.0,7.0,11.25,20.25,13.25,9.0
499,490000031,1,2541527.983333333,547.39,699.16,263.18499999999995,299.72499999999997,757.03,1193.0049999999999,1156.465
500,490000155,3,85981.11499999999,68.58999999999999,81.0,84.4,13.92,217.35,213.95,284.43
501,490000262,2,138581.4116666667,48.54,0.0,25.41,5.65,35.88,10.47,30.23
502,490000395,1,5098.133333333334,6.1,0.0,7.08,6.79,15.66,8.58,8.87
503,490000403,1,5098.133333333334,3.8499999999999996,0.0,7.07,11.99,,,
504,490000676,1,747771.7583333334,165.19999999999996,168.60000000000002,218.83,189.88,536.1700000000001,485.94000000000005,514.8900000000001
505,490000700,3,5098.133333333334,,0.0,5.01,5.17,,,
506,490002037,2,185646.73166666663,35.5,0.0,43.52,14.66,64.57000000000001,21.05,49.910000000000004
507,490004256,3,5098.133333333334,1.22,0.0,5.13,4.17,10.329999999999998,5.2,6.159999999999999
508,490007689,1,5098.133333333334,3.0999999999999996,0.0,9.16,18.84,32.79,23.63,13.95
509,490007929,2,95258.97500000002,15.5,0.0,14.4,,,,
510,490014909,2,328084.6866666664,87.88,3.75,66.08,38.02,115.71000000000001,53.38,81.44
511,490015765,1,5098.133333333334,6.54,0.0,9.52,18.71,32.96,23.44,14.25
512,490015906,2,81689.77,37.79,6.0,28.89,4.86,39.25,16.36,40.39
513,490528452,1,264947.44333333324,78.39,77.66,115.45,108.88,280.91999999999996,243.13,249.7
514,490540440,2,11167.480000000003,5.5,0.0,13.24,,,,
515,500000013,1,816206.1133333328,127.055,115.67999999999999,113.695,127.44500000000001,302.69,304.675,290.92499999999995
516,500000039,1,8934.533333333335,3.15,0.0,5.53,8.89,17.630000000000003,12.100000000000001,8.74
517,500000054,1,601013.1233333334,82.55,67.065,82.57000000000001,66.10000000000001,193.08500000000004,177.58,194.05
518,500000062,1,5098.133333333334,3.22,0.0,10.31,15.33,,,
519,500000096,1,31244.379999999997,8.68,1.02,17.19,24.57,49.13,32.96,25.580000000000002
520,500000112,1,618131.3483333333,117.25,185.39999999999998,158.24,148.74,384.53,411.69,421.18999999999994
521,500000146,2,78809.85166666667,34.839999999999996,0.0,28.14,2.73,36.629999999999995,8.49,33.9
522,500000203,2,52000.460000000014,16.83,0.0,20.18,7.48,,,
523,500000393,1,151779.65833333335,12.840000000000002,3.54,51.94,44.78,114.1,65.7,72.86
524,500000401,2,37387.77,11.78,0.0,12.9,4.48,,,
525,500002357,2,101508.68000000004,25.34,0.0,17.58,1.5,,,
526,510000029,1,2354220.0183333345,300.59850000000006,350.06666666666666,129.03000000000003,128.558,349.23650000000004,570.2731666666666,570.7451666666667
527,510000037,1,369027.5083333333,102.03,112.92,119.06,76.29,248.78000000000003,242.64,285.41
528,510000060,1,289226.44333333336,49.525,57.75,37.475,97.55,173.14499999999998,193.42000000000002,133.345
529,510000078,1,70915.74,19.419999999999998,5.16,40.34,43.89,96.87,61.69,58.14
530,510000102,1,5098.133333333334,2.85,0.0,6.04,18.83,,,
531,510000185,2,171585.89166666666,67.69,0.0,41.75,1.75,,,
532,510000227,2,3624.85,1.0,0.0,7.8,1.5,,,
533,510000243,2,34633.22,16.83,0.0,11.33,6.43,,,
534,510000516,3,83799.83833333332,38.35,0.0,96.29,19.75,198.14000000000001,101.85000000000001,178.39000000000001
535,510012040,2,25252.466666666667,27.85,0.75,16.57,2.35,28.590000000000003,12.77,26.990000000000002
536,510024979,2,505478.1266666671,89.5,0.0,48.64,6.3,,,
537,520780024,1,2396.45,,0.0,14.47,21.55,42.57,28.1,21.02
538,520780032,1,167291.11999999997,44.97,18.03,45.28,57.48,150.995,123.745,111.54500000000002
539,520780040,1,3026.32,,0.0,7.05,10.48,,,
540,520780057,1,88997.56499999997,28.25,5.97,38.02,24.32,81.16,49.11,62.81
541,520780073,1,329502.09833333344,69.52999999999999,48.39,102.61,70.68,227.13,172.91000000000003,204.83999999999997
542,520780180,2,34737.24166666667,8.9,0.0,11.57,,,,
543,520780214,2,29492.25,8.3,0.0,16.5,4.0,,,
544,530000025,1,262401.5299999999,44.894999999999996,25.185,28.510000000000005,28.549999999999997,78.995,75.67,75.63
545,530000058,1,7494.583333333334,7.0,0.0,15.85,30.61,50.71,34.86,20.1
546,530000066,1,5098.133333333334,7.699999999999999,0.0,14.66,40.93,60.09,45.43,19.16
547,530000074,1,245951.44333333336,58.879999999999995,19.950000000000003,127.55,65.215,235.035,127.435,189.76999999999998
548,530000371,1,549565.0933333335,116.39000000000001,111.53999999999999,226.08,217.76,551.13,436.5899999999999,444.90999999999997
549,530007202,1,8012.263333333334,5.385,1.7399999999999998,5.875,7.834999999999999,15.315,11.18,9.22
550,530031962,2,115054.23166666667,34.1,0.0,21.91,,,,31.33
551,540000049,1,153299.355,43.22,22.4,26.16,33.07,67.755,63.995,57.085
552,540000056,1,895.9,86.08999999999997,111.0,154.4,164.1,388.70000000000005,345.3,335.6
553,540000072,3,5098.133333333334,,1.5,1.9,6.0,9.17,8.77,4.67
554,540000080,1,282916.47833333333,74.41,34.39,65.1,63.25,165.38,134.67000000000002,136.51999999999998
555,540000106,1,56335.653333333335,7.1899999999999995,2.9699999999999998,30.27,15.93,56.1,28.799999999999997,43.14
556,540000361,2,43458.005,25.0,0.0,16.54,1.92,,,
557,540000395,3,8627.36,4.23,12.0,13.6,21.32,38.78,37.18,29.46
558,540000445,2,102081.10000000002,28.75,0.0,13.23,4.4,,,
559,540000452,2,89200.27499999998,34.18,3.0,32.34,4.58,,,
560,540000478,2,262323.88000000006,80.5,15.0,52.59,20.49,88.77,51.18,83.28
561,540000486,2,382602.3116666668,69.74000000000001,12.0,55.74,12.54,81.50999999999999,37.769999999999996,80.97
562,540000767,1,219097.98833333323,39.129999999999995,33.96,44.18,81.52,173.055,162.835,125.495
563,540001096,3,248337.98833333323,41.56,24.0,100.65,23.94,147.92000000000002,71.27,147.98000000000002
564,540001104,3,17592.213333333333,4.24,3.0,9.85,2.87,15.25,8.4,15.379999999999999
565,540001286,3,226369.31333333332,65.63999999999999,2.46,122.43,45.8,291.49,171.52,248.15
566,540013224,2,85187.54999999997,32.239999999999995,0.0,24.61,8.0,,,
567,540023264,1,3668298.378333333,222.3271666666667,249.9815476190476,124.60875000000001,211.91199999999998,472.9364642857143,598.3092619047618,511.0060119047619
568,550000046,1,8143.053333333334,6.29,4.47,15.96,28.13,49.67,38.18,26.009999999999998
569,550000178,2,83122.43500000001,22.27,0.0,22.84,10.47,,,
570,550003354,1,244115.23833333328,52.989999999999995,48.480000000000004,87.28,96.45,234.3,195.5,186.32999999999998
571,550006795,1,470865.6783333335,90.2,59.42,40.396,43.182500000000005,110.55516666666666,129.57916666666665,126.79266666666666
572,560000044,1,279558.1950000001,33.81,25.740000000000002,71.32,73.04,170.34,124.76000000000002,123.03999999999999
573,560000085,1,607.92,1.3599999999999999,0.0,12.04,24.44,37.94,25.900000000000002,13.499999999999998
574,560000184,3,81859.72333333333,24.15,0.0,28.88,24.3,61.83,32.95,37.53
575,560000259,1,7494.583333333334,,0.0,5.12,19.57,,,
576,560002933,3,394900.3799999998,57.25,0.0,73.7,7.64,,,
577,560002974,3,5098.133333333334,4.34,0.0,9.41,16.86,28.34,18.93,11.48
578,560005746,1,1315832.0183333338,160.89583333333331,110.685,52.32666666666667,60.30333333333332,211.90071428571426,270.2590476190476,262.28238095238095
579,560007510,2,56199.49000000001,16.0,0.0,11.38,2.0,,,
580,560008799,2,271306.6966666665,81.06,9.0,56.02,8.94,76.35,29.33,76.41
581,560014748,1,469107.6233333335,67.95333333333332,16.695,39.065,42.3525,113.23083333333332,90.86083333333332,87.57333333333332
582,560023210,1,1280835.2333333334,192.52,124.5,169.13000000000002,95.32,343.99,299.36,373.17
583,570000026,3,7331.27,2.25,0.0,6.97,0.54,,,
584,570000083,2,73557.55,21.5,0.0,35.15,2.0,,,
585,570000141,1,7607.485,31.539999999999996,25.650000000000002,74.84,149.78,250.0,200.81,125.87
586,570000158,1,499092.8083333333,78.55000000000001,53.0,57.665,26.745,117.155,112.49,143.41
587,570000166,3,3142.92,2.8,0.0,4.76,8.0,14.14,9.379999999999999,6.14
588,570000216,3,458040.1433333333,74.58,2.16,95.75,20.86,155.14,61.55,136.44
589,570000356,2,64881.62,18.0,0.0,24.6,6.0,33.790000000000006,9.19,27.790000000000003
590,570000364,2,40864.835,21.22,0.0,11.59,11.53,,,
591,570000430,1,37118.84333333333,5.14,0.0,17.59,13.72,37.11,19.520000000000003,23.39
592,570000455,3,7996.753333333334,10.69,0.0,5.58,6.9,13.58,8.0,6.68
593,570000497,1,8416.853333333334,2.3000000000000003,0.0,9.25,16.0,25.950000000000003,16.7,9.950000000000001
594,570000562,3,64864.79,10.0,0.0,18.94,9.3,31.990000000000002,13.05,22.69
595,570000596,1,54040.66333333334,38.620000000000005,59.550000000000004,126.89,34.3,,,
596,570000646,2,392015.0616666665,58.87,15.0,59.3,7.78,87.66,43.36,94.88
597,570000950,3,72795.37833333334,10.75,4.0200000000000005,16.76,18.95,40.3,27.56,25.37
598,570001057,3,245860.74000000008,40.3,6.24,61.27,7.0,99.30000000000001,44.27,98.54
599,570001099,3,34310.20333333333,13.88,1.44,98.02,8.62,,,
600,570003079,3,66151.91333333333,10.100000000000001,15.0,23.15,2.6,30.7,22.55,43.099999999999994
601,570005165,1,2315390.133333334,206.99666666666664,137.06666666666666,134.676,93.755,400.933,403.3236666666666,444.24466666666666
602,570009670,3,13873.523333333334,5.8,1.5,13.2,4.0,19.7,8.0,17.2
603,570015099,1,275554.0333333333,50.8,34.08,70.76,39.12,149.25,112.57,144.20999999999998
604,570025254,1,373943.815,83.85,74.22,53.5,35.0,134.79,155.51,174.01
605,570026252,3,734574.0200000003,70.12,11.22,110.53,34.13,178.54,79.23,155.63
606,580780039,1,756838.7083333334,148.35500000000002,38.85,78.44333333333334,70.33,200.89333333333332,161.29999999999998,169.41333333333333
607,580780047,1,5098.133333333334,8.84,0.0,8.23,6.97,19.259999999999998,11.030000000000001,12.29
608,580780070,1,41855.24333333334,17.45,4.74,19.02,16.75,43.269999999999996,28.990000000000002,31.259999999999998
609,580780088,1,39771.669999999984,,0.0,24.23,20.45,47.89,23.66,27.44
610,580780096,1,113750.82833333334,31.530000000000005,0.96,49.09,57.52,129.86,81.73,73.3
611,580780138,2,74920.5066666667,24.5,0.0,33.2,3.8,43.8,10.6,40.0
612,580780195,2,2617.05,12.27,0.0,17.65,20.79,,,
613,580781136,1,21157.7,6.4,0.0,13.83,9.2,27.029999999999998,13.2,17.83
614,590000188,3,255269.2200000001,95.31,0.0,156.98,63.54,400.85,243.87,337.31
615,590001749,3,64831.53833333334,21.99,0.0,49.65,39.69,104.0,54.349999999999994,64.31
616,590006896,2,52672.15999999999,10.16,0.0,23.15,9.5,,,
617,590008041,2,270187.8816666667,50.61,0.0,45.64,7.3,,,
618,590049565,3,5098.133333333334,6.12,6.0,12.02,1.28,16.42,10.4,21.14
619,590052056,3,111476.2283333333,26.770000000000003,0.0,40.58,7.67,53.550000000000004,12.969999999999999,45.88
620,590780060,2,11633.69,12.17,3.51,13.99,1.07,,,
621,590780094,2,10807.136666666664,5.0,0.0,9.1,1.5,13.75,4.65,12.25
622,590780193,1,4628567.033333332,319.83027777777784,447.9677777777778,142.84444444444443,245.85125,532.5331944444445,837.6565277777778,734.6497222222222
623,590780227,1,508457.3033333332,103.845,113.72999999999999,59.94,112.42,225.535,279.325,226.84499999999997
624,590780250,2,55461.62,29.55,0.0,21.8,6.5,,,
625,590780268,2,378532.95166666666,107.55,3.0,29.9,43.0,119.89999999999999,93.0,79.89999999999999
626,590780284,3,879740.9100000001,153.78000000000003,198.12,248.87,47.54,380.9800000000001,330.23,531.5600000000001
627,590780342,2,9783.19,21.01,0.0,6.0,1.8,,,
628,590780383,2,199438.7899999999,128.5,0.0,43.1,10.5,65.3,22.200000000000003,54.8
629,590781415,1,973265.6333333332,168.77,198.0,214.14,206.7,544.6299999999999,528.49,535.93
630,590781571,2,43594.9,11.8,0.0,6.3,3.2,,,
631,590781605,1,616535.9233333331,108.7,75.99,148.04,127.68,345.25,273.2,293.56
632,590781621,1,90849.09,32.16,12.0,29.44,32.12,69.65,52.209999999999994,49.53
633,590781662,1,171335.6733333333,49.480000000000004,0.0,41.88,34.32,95.88,54.0,61.56
634,590781670,1,56256.543333333335,17.58,12.0,30.26,38.86,81.4,63.14,54.54
635,590781795,1,63217.08833333334,13.069999999999999,7.460000000000001,29.14,48.57,87.18,65.5,46.07
636,590781803,1,525093.8399999996,122.76,61.199999999999996,166.7,98.13,343.07,237.57,306.14
637,590781902,1,690452.1183333334,123.81,147.84,110.155,191.9,404.055,441.74,359.995
638,590781951,2,61716.46000000001,22.700000000000003,0.0,13.3,11.8,,,
639,590782165,1,397767.635,77.52000000000001,43.68,109.48,87.97,258.36,192.56,214.07
640,590782215,1,2149799.6483333334,342.91499999999996,278.79,145.54333333333335,123.09666666666668,415.37500000000006,548.6216666666667,571.0683333333334
641,590782256,2,643.73,5.1,0.0,5.2,1.8,,,
642,590782298,2,149057.28499999997,37.650000000000006,0.0,30.97,8.35,49.7,18.73,41.35
643,590782421,1,1115638.2433333334,199.07000000000002,97.80166666666666,140.955,58.562,333.72700000000003,290.57366666666667,372.9666666666667
644,590782439,1,31598.13,14.3,3.69,30.18,22.26,66.12,39.629999999999995,47.55
645,590782546,2,8369.266666666666,24.799999999999997,0.0,19.88,25.8,49.769999999999996,29.89,23.97
646,590782553,2,166249.02999999997,76.8,0.0,27.5,6.5,49.9,22.4,43.4
647,590782637,1,405178.2383333334,87.41499999999999,50.96,58.965,36.18,168.805,160.8,183.585
648,590782645,1,18003.053333333333,6.34,6.0,19.03,15.91,40.44,27.41,30.53
649,590782652,1,153092.40333333335,23.43,23.86,26.330000000000002,37.73,77.53,75.06,63.660000000000004
650,590783239,1,790054.198333333,188.48000000000002,211.20000000000002,225.49,198.82,540.69,526.4,553.07
651,590785374,3,89997.18333333332,21.24,12.96,31.6,3.68,42.18,23.54,51.46
652,590788964,2,27002.016666666663,17.13,0.0,12.2,4.0,,,
653,590790655,2,32004.239999999994,16.5,0.0,9.29,1.5,,,
654,590797353,3,634863.713333333,133.57,179.64000000000001,125.73,96.99,280.98,334.89,363.63
655,590806360,2,10398.155,25.95,9.0,33.3,19.61,57.169999999999995,32.87,46.559999999999995
656,590813176,2,24114.935,13.799999999999999,0.0,11.69,6.18,,,
657,590813382,2,80039.98999999999,16.0,0.0,14.05,5.87,,,
658,590813507,2,82279.18499999997,25.830000000000002,0.0,25.24,3.99,36.17,10.93,32.18
659,590815056,2,93676.19666666666,15.3,0.0,22.76,2.57,34.870000000000005,12.110000000000001,32.300000000000004
660,590816310,2,126815.945,39.7,0.0,26.29,7.6,37.47,11.18,29.869999999999997
661,590817458,2,49441.91999999999,41.05,0.0,8.7,8.5,,,
662,590817839,2,134.79,8.030000000000001,0.0,8.3,10.0,,,
663,600008643,2,1448.1999999999998,,0.0,3.0,,,,
664,600010862,2,34091.85,12.5,0.0,1.0,,,,
665,600100168,3,88274.67833333332,25.29,0.0,15.0,6.0,24.0,9.0,18.0
666,600100184,2,6405.929999999999,6.6000000000000005,0.0,10.6,8.0,,,
667,600100572,1,17192.243333333336,10.1,0.0,16.4,8.29,29.489999999999995,13.09,21.199999999999996
668,600100648,1,86225.785,47.129999999999995,18.0,48.01,62.15,130.53,100.52,86.38
669,600100713,1,676726.2533333338,173.12499999999997,175.14,119.305,301.89,547.435,603.27,420.685
670,600100721,1,836517.8183333332,109.035,55.42,52.652499999999996,74.80333333333333,168.25583333333333,171.0233333333333,148.8725
671,600100754,2,211712.6266666666,63.48,0.0,51.64,16.39,,,
672,600101984,1,784200.7933333336,129.62,107.1,121.435,101.05,279.46500000000003,265.13,285.515
673,600110175,2,66473.815,14.9,0.0,21.82,4.0,,,
674,610006421,2,28261.76,16.5,0.0,15.44,4.0,21.24,5.8,17.24
675,610780074,1,114141.25333333333,31.43,0.0,57.8,75.95,152.04000000000002,94.24000000000001,76.09
676,610780082,1,508911.083333333,103.51333333333332,43.8,55.56333333333334,59.129999999999995,149.47333333333333,137.70999999999998,134.14333333333332
677,610780090,1,376473.93333333335,68.56,51.900000000000006,91.07,56.69,175.74,136.57,170.95
678,610780140,1,5615.813333333334,6.040000000000001,2.25,11.82,24.01,38.550000000000004,28.98,16.79
679,610780165,1,367380.94833333313,61.29499999999999,67.89,57.035,37.43,141.815,152.67000000000002,172.27499999999998
680,610790594,1,89990.40833333335,19.659999999999997,3.675,18.75,31.665,63.195,48.12,35.205
681,620000026,3,240256.73499999996,47.25,8.46,148.46,98.97,283.6,143.6,193.09000000000003
682,620003350,3,165029.43333333332,40.699999999999996,3.0,47.9,26.91,96.05,51.15,72.14
683,620003376,3,447224.0733333332,80.44999999999999,6.0,73.19,8.87,104.13,36.94,101.25999999999999
684,620006049,2,96835.57500000004,22.3,0.0,31.08,2.0,,,
685,620025346,3,355748.20833333326,65.64,1.5,72.96,24.73,118.89,47.43,95.66
686,620100057,1,786760.5533333335,177.16166666666663,112.0,71.05,99.00999999999999,272.59666666666664,313.5466666666666,285.58666666666664
687,620100099,2,195220.44666666663,63.26,0.0,27.91,9.97,47.339999999999996,19.43,37.37
688,620100487,2,33914.48,18.0,0.0,23.22,4.0,29.22,6.0,25.22
689,620100651,1,633528.9183333333,100.14000000000001,130.47,177.5,188.99,469.31,422.28,410.78999999999996
690,620100685,1,972786.683333333,273.46999999999997,184.41,141.415,105.505,394.775,437.77,473.67999999999995
691,620100735,2,131349.84999999998,42.94,0.0,32.92,8.66,49.349999999999994,16.43,40.69
692,620100750,2,64506.95499999998,21.089999999999996,0.0,19.55,3.0,,,
693,620101311,2,104699.92166666666,44.7,0.0,14.87,14.81,32.56,17.69,17.75
694,620101337,1,539398.5733333334,149.92000000000002,111.03,148.62,137.59,378.78,341.19,352.22
695,620101360,1,529893.5333333331,110.09,43.589999999999996,141.49,114.8,342.04,244.14000000000001,270.83
696,620101501,2,292674.40500000014,49.5,0.0,60.8,9.5,81.3,20.5,71.8
697,620103432,1,416252.3333333333,80.005,83.25,58.629999999999995,57.395,165.6,190.22,191.45499999999998
698,620103440,1,969571.4383333336,197.76999999999998,174.0,241.17,261.78,634.71,567.54,546.9300000000001
699,620105940,2,11759.891666666666,4.91,0.0,16.0,2.9,20.799999999999997,4.8,17.9
700,620106088,2,17371.48,23.05,0.0,4.35,1.32,7.26,2.91,5.9399999999999995
701,620116046,2,6201.200000000001,10.5,0.0,7.02,,,,
702,620118513,2,204299.82166666657,54.6,0.0,38.47,30.65,73.50999999999999,35.04,42.86
703,630000479,3,224569.625,81.84,139.98,118.38,41.85,313.98,335.58,412.11
704,630180032,1,5098.133333333334,4.8,4.800000000000001,10.5,17.41,33.31,27.610000000000003,20.700000000000003
705,630780211,2,243650.8066666666,73.5,0.0,41.91,9.23,60.89999999999999,18.990000000000002,51.669999999999995
706,630780369,2,47984.60999999999,40.56,0.0,15.89,2.0,,,
707,630780989,1,2724090.5633333344,300.9383333333334,370.3833333333334,166.2325,216.9925,532.4200000000001,736.5708333333334,685.8108333333334
708,630780997,1,57770.87333333332,15.839999999999996,10.379999999999999,16.21,22.7,51.72,45.89,39.400000000000006
709,630781003,1,187884.1683333334,43.849999999999994,40.5,43.67,27.94,86.46,83.28999999999999,99.02
710,630781011,1,313558.5033333335,39.48,44.79,65.2,64.97,162.19,141.78,142.01
711,630781029,1,158848.52833333335,47.33,27.75,34.48,27.52,88.7,81.97,88.93
712,630781367,1,13774.483333333334,,0.0,17.2,49.19,72.89,55.69,23.7
713,630781821,2,1555.15,13.799999999999999,0.0,16.75,24.8,44.35,27.6,19.55
714,630781839,2,198101.56999999995,66.82000000000001,9.0,43.33,21.16,70.08999999999999,35.76,57.92999999999999
715,640016580,3,149660.37000000002,23.62,0.0,12.05,2.06,17.349999999999998,5.3,15.29
716,640017638,1,102626.37999999998,34.33,12.299999999999999,27.18,15.93,51.440000000000005,36.559999999999995,47.81
717,640018206,2,317353.3316666663,67.63000000000001,0.0,52.61,23.71,90.48000000000002,37.870000000000005,66.77000000000001
718,640019220,2,75597.77499999998,15.9,0.0,7.86,5.12,,,
719,640780268,2,24833.73,23.17,0.0,28.44,5.01,,,
720,640780417,1,1366391.6083333325,271.34,162.995,138.43,328.45,551.4649999999999,576.03,386.01
721,640780490,2,140432.9966666667,42.96,0.0,31.84,4.84,42.290000000000006,10.45,37.45
722,640780557,3,4783.43,9.68,0.0,15.54,15.28,37.79,22.25,22.51
723,640780623,2,3807.476666666667,6.550000000000001,0.0,8.84,9.77,20.92,12.08,11.15
724,640780672,2,1780.44,7.890000000000001,0.0,14.01,12.96,29.54,15.530000000000001,16.58
725,640780748,2,127908.0366666667,39.870000000000005,0.0,31.28,11.78,51.650000000000006,20.369999999999997,39.870000000000005
726,640780813,1,101013.2733333333,34.7,23.31,53.42,51.57,125.99000000000001,95.88,97.73
727,640780821,1,200351.5533333333,35.059999999999995,21.0,54.84,51.09,132.7,98.86,102.61
728,640780862,1,413.12,49.28999999999999,35.67,104.77,109.45,267.33,198.23000000000002,193.55
729,640780938,2,34139.676666666666,26.7,0.0,21.7,4.46,31.87,10.17,27.41
730,640780946,2,176823.67500000002,42.99,3.0,28.03,7.8,42.48,17.45,37.68
731,640780987,2,28848.26,9.01,0.0,8.93,,,,
732,640781225,2,75533.42000000001,26.049999999999997,0.0,21.33,3.59,27.7,6.37,24.11
733,640781290,1,1077879.1633333336,243.64000000000001,223.82999999999998,298.44,246.07,697.14,622.53,674.9
734,640781308,2,12975.47,,0.0,14.19,1.0,,,
735,650002579,2,92224.49500000002,21.0,0.0,29.1,3.0,,,
736,650780158,1,149909.9533333333,55.519999999999996,19.59,57.99,88.2,171.75,133.35,103.14
737,650780166,1,12705.94,17.15,7.95,22.05,40.81,72.5,58.400000000000006,39.64
738,650780174,1,139633.32833333325,57.075,12.86,51.589999999999996,77.535,162.2,123.47,97.52499999999999
739,650780679,2,116702.98166666666,34.13,0.0,19.9,3.5,30.2,10.3,26.7
740,650783160,1,592211.6833333331,151.60000000000002,74.0,64.61,56.18666666666666,210.14999999999998,219.54,227.9633333333333
741,660006305,3,248037.67000000007,34.9,0.0,39.68,3.0,,,
742,660009689,3,5098.133333333334,11.86,0.0,12.45,13.5,28.93,16.48,15.43
743,660780180,1,1333064.0983333336,286.435,263.52,164.735,151.91,417.83500000000004,516.62,529.4449999999999
744,660780271,1,5098.133333333334,5.16,0.0,11.72,18.17,34.6,22.880000000000003,16.43
745,660780628,2,45172.76,17.5,0.0,10.0,5.0,,,
746,660780669,2,48308.36499999999,13.8,0.0,10.48,5.5,,,
747,660780776,2,24818.07,11.5,0.0,10.0,2.0,,,
748,660780784,2,405792.0366666667,71.0,0.0,61.58,18.14,94.99,33.41,76.85
749,660790387,2,268724.8066666666,60.48,1.5,58.74,21.48,90.74000000000001,33.5,70.76
750,670000033,3,62800.27833333332,51.25,54.34,106.53,34.7,,,
751,670000215,3,30402.153333333332,10.770000000000001,0.0,25.16,13.46,53.32,28.16,39.86
752,670013325,2,2168.27,,0.0,9.0,,,,
753,670013341,2,1931.65,,0.0,2.0,,,,
754,670014042,3,1709.21,0.7899999999999999,0.0,1.43,0.11,2.15,0.72,2.04
755,670017458,3,12168.06,30.87,0.0,11.06,1.35,,,
756,670017755,1,411222.5583333335,58.17999999999999,45.19500000000001,44.91,48.455,119.58999999999999,119.87500000000001,116.33
757,670018068,3,657450.875,119.96,0.0,100.23,19.67,152.19,51.96,132.52
758,670780055,1,3953409.973333332,323.1623333333334,415.1635,201.23,323.5525,722.8405,936.774,814.4515
759,670780170,2,184278.18166666664,46.7,0.0,38.2,6.15,56.28,18.08,50.13
760,670780188,3,190537.675,47.71,7.5,78.02,15.91,98.62999999999998,28.11,90.21999999999998
761,670780212,3,299220.0083333333,82.4,6.0,50.01,5.0,75.62,31.61,76.62
762,670780337,1,820059.8133333335,164.37,187.82999999999998,186.22,157.05,447.28000000000003,448.89,478.06
763,670780345,1,350749.58333333343,76.72,102.0,72.76,85.68,215.79000000000002,245.03,232.11
764,670780378,3,203995.66,31.470000000000002,0.0,35.6,28.9,69.03999999999999,33.44,40.14
765,670780386,2,66790.03,27.25,0.0,16.99,1.0,,,
766,670780543,1,131108.13999999998,42.56,6.48,39.43,49.21,113.69999999999999,80.75000000000001,70.97
767,670780584,1,23158.80333333334,14.9,3.24,47.17,75.33,135.38,91.44999999999999,63.290000000000006
768,670797539,3,21047.27333333333,17.85,3.0,8.53,0.91,,,
769,670798636,3,34182.54333333334,17.7,12.0,18.85,,,,35.900000000000006
770,680000320,3,286577.78,61.5,0.0,51.07,4.14,66.03,14.96,61.89
771,680000411,1,25893.195,16.8,0.0,25.95,23.8,58.0,32.05,34.2
772,680000494,3,372000.39,58.74,0.0,138.68,14.91,,,
773,680000882,3,10012.38,,0.0,11.55,3.75,19.03,7.48,15.280000000000001
774,680000973,1,1737655.9633333343,349.76,254.925,199.705,212.355,543.92,599.14,586.49
775,680001005,1,48008.52333333334,22.949999999999996,3.0,30.48,12.52,56.67999999999999,29.2,47.16
776,680001179,1,2898.62,57.67,33.0,106.31,132.5,305.98,232.67000000000002,206.48000000000002
777,680001195,3,335437.8350000001,78.83000000000001,0.0,87.06,18.49,139.72,52.66,121.23
778,680020088,3,73561.46,13.780000000000001,0.0,32.01,2.87,38.53999999999999,6.53,35.669999999999995
779,680020336,1,1870359.7983333329,156.73775,88.896,71.66625,76.44857142857143,207.20382142857144,224.43357142857144,219.65125
780,690000245,3,117691.98999999998,22.31,26.64,34.37,7.82,53.74999999999999,46.019999999999996,72.57
781,690000427,3,131126.0433333333,42.849999999999994,22.169999999999998,72.66,46.96,140.54,90.05,115.75
782,690000880,3,589632.0700000001,175.82,153.51,328.35,33.53,754.6700000000001,579.83,874.6500000000001
783,690022959,2,87025.31999999999,47.4,3.0,21.57,6.34,38.91,20.34,35.57
784,690023239,2,129319.47500000002,68.0,6.0,30.89,4.17,,,
785,690023411,2,360138.0916666667,72.71,27.0,85.22,26.36,130.04000000000002,71.82,130.68
786,690029186,2,841.55,,0.0,1.86,0.02,,,
787,690031455,1,9587.173333333334,,0.0,1.68,,,,
788,690041124,2,466911.435,65.41,16.5,84.74,1.0,87.08,18.84,102.58
789,690041132,3,392189.45333333325,83.00999999999998,15.21,117.13,,,,
790,690042080,2,7962.25,6.0,0.0,1.0,,,,
791,690043237,1,4225.83,4.34,2.4899999999999998,4.6899999999999995,3.9050000000000002,13.350000000000001,11.15,11.935
792,690043476,2,2324.94,,0.0,1.0,,,,
793,690780036,1,100061.01833333336,32.27,7.59,47.69,40.87,107.63999999999999,67.53999999999999,74.36
794,690780044,1,44498.44499999999,15.879999999999999,11.7,20.26,8.04,33.769999999999996,25.209999999999997,37.43
795,690780069,1,5098.133333333334,2.25,0.0,5.52,7.34,14.77,9.25,7.43
796,690780093,1,55029.82,54.03000000000001,23.669999999999998,104.24,52.15,,,
797,690780226,2,3804.49,13.0,0.0,4.91,,,,
798,690780259,2,54726.880000000005,31.68,0.0,12.48,2.0,,,
799,690780358,2,169846.1350000001,76.59,0.0,50.7,12.2,82.50000000000001,31.8,70.30000000000001
800,690780366,2,120991.0916666667,46.5,0.0,19.8,7.5,46.900000000000006,27.1,39.400000000000006
801,690780390,2,194079.26666666672,67.58999999999999,0.0,29.96,4.51,47.85,17.89,43.34
802,690780416,3,292023.0349999999,64.46,2.7,72.48,20.34,103.38000000000001,33.6,85.74000000000001
803,690780648,2,400701.39166666666,67.85,11.01,62.54,12.13,90.69,39.16,89.57000000000001
804,690780655,2,89464.51166666669,45.22,0.0,20.7,5.6,34.18,13.48,28.580000000000002
805,690780663,2,125446.105,33.0,0.0,29.47,3.0,50.11,20.64,47.11
806,690781810,1,6259637.033333335,227.0878479020979,203.41034920634922,145.87142857142857,185.81071428571428,441.0152197802198,498.5541404151404,458.6148547008547
807,690782222,1,961518.4100000006,191.935,138.66,110.98,69.795,272.385,300.065,341.25
808,690782230,1,8416.853333333334,4.02,0.0,7.07,15.23,25.55,18.48,10.32
809,690782248,1,5098.133333333334,2.45,0.0,3.56,9.27,16.29,12.73,7.0200000000000005
810,690782271,1,131171.0133333333,36.47,27.240000000000002,44.94,25.94,95.16999999999999,77.47,96.47
811,690782925,1,42202.59999999999,20.5,18.0,50.5,75.8,133.95999999999998,101.46,76.16
812,690791082,2,6497.09,4.97,0.0,5.42,3.2,,,
813,690793468,3,616855.6283333334,107.91,0.0,61.01,11.31,,,
814,690805361,3,705140.2883333331,130.76,15.27,165.95,43.58,285.38,134.70000000000002,257.07
815,690807367,2,137421.93500000006,46.03,0.0,29.98,1.43,,,
816,700004591,1,740387.7333333333,140.89666666666665,47.0,58.80666666666667,41.68,139.30833333333334,127.50166666666667,144.62833333333333
817,700780026,1,39993.30999999999,19.66,8.790000000000001,25.4,14.68,55.61,39.0,49.72
818,700780174,2,40677.22500000002,8.0,0.0,12.91,1.0,,,
819,710006859,2,127542.80166666668,36.5,6.0,21.8,5.0,38.1,22.3,39.1
820,710780214,1,8416.853333333334,4.95,0.0,11.6,19.17,32.57,20.970000000000002,13.4
821,710780263,1,839275.513333334,144.47000000000003,160.68,112.66499999999999,139.3,338.955,386.97,360.335
822,710780644,1,442415.8183333333,57.905,33.3,51.895,53.06,130.98000000000002,112.385,111.22000000000001
823,710780917,2,169089.74166666664,46.71,15.0,32.38,9.63,50.18000000000001,32.8,55.550000000000004
824,710780958,1,990597.5433333336,176.99999999999997,162.0,236.81,177.97,502.1,427.28999999999996,486.13
825,710781089,1,5098.133333333334,4.33,0.0,6.53,8.06,15.940000000000001,9.41,7.88
826,710781360,1,10104.853333333334,4.02,3.69,10.31,20.87,32.160000000000004,25.540000000000003,14.98
827,710781410,2,59801.16000000002,11.85,0.0,14.01,7.31,,,
828,710781451,1,128045.50333333333,23.1,19.92,37.4,14.729999999999999,56.809999999999995,39.33,62.0
829,710781568,1,15550.033333333336,3.78,0.0,15.39,24.87,43.96,28.57,19.09
830,710781592,1,5098.133333333334,1.49,0.0,9.36,12.97,,,
831,710781824,2,63307.30000000002,24.0,3.0,27.58,12.04,43.75,19.169999999999998,34.709999999999994
832,710976705,1,217317.35833333328,57.83000000000001,21.240000000000002,95.49,66.7,204.07999999999998,129.83,158.62
833,710978347,3,425180.02833333326,52.26,30.0,82.83,9.06,97.02000000000001,44.19,117.96000000000001
834,720000025,1,1796868.6483333348,264.59000000000003,490.14,248.76,249.905,601.775,843.155,842.01
835,720000066,1,27034.47333333333,12.27,0.0,26.3,28.54,64.53999999999999,38.239999999999995,36.0
836,720000140,1,18898.53,9.17,0.0,29.6,45.52,86.47,56.870000000000005,40.95
837,720000199,2,251306.74499999988,36.93000000000001,0.0,32.49,41.26,85.0,52.51,43.74
838,720000231,2,44909.355,15.7,0.0,14.76,4.08,23.07,8.31,18.99
839,720000249,2,11634.486666666662,11.0,6.0,29.43,4.0,42.980000000000004,19.55,44.980000000000004
840,720000389,3,8994.733333333334,5.969999999999999,0.0,23.05,4.0,33.41,10.36,29.41
841,720006022,1,97928.72333333334,22.119999999999997,0.0,40.29,43.42,98.17,57.88,54.75
842,720016724,1,262084.12333333332,42.709999999999994,38.339999999999996,115.81,88.94,248.16,170.69,197.56
843,720017748,2,348379.6816666665,70.9,0.0,83.26,18.78,127.13000000000001,43.870000000000005,108.35000000000001
844,730000015,1,1687768.4633333343,224.62666666666664,102.87499999999999,122.4225,106.07750000000001,356.0475,336.5,352.84499999999997
845,730002839,1,380474.3633333336,56.81833333333333,16.38,36.416666666666664,26.849999999999998,77.61833333333333,57.58166666666666,67.14833333333333
846,730004298,2,218399.4216666664,75.39999999999999,0.0,49.64,28.2,84.84,35.2,56.64
847,730012499,3,121394.71000000004,17.11,0.0,15.29,6.96,,,
848,730780103,1,102841.26333333337,45.8,2.0100000000000002,57.81,41.04,116.06,60.26,77.03000000000002
849,730780525,1,122243.42500000005,25.349999999999998,0.0,31.91,35.51,78.53999999999999,46.629999999999995,43.03
850,740001839,1,448396.5333333332,80.87,67.19999999999999,49.05500000000001,76.6,150.77,168.915,141.37
851,740014345,2,172694.97166666653,63.0,0.0,52.45,19.21,100.18,47.730000000000004,80.97
852,740780192,3,12202.793333333337,5.17,0.0,11.8,6.8,22.57,10.77,15.77
853,740780416,2,135165.41999999998,42.0,0.0,32.93,6.1,47.04,14.11,40.94
854,740780424,2,165896.52666666664,58.620000000000005,0.0,37.77,6.5,53.61,15.84,47.11
855,740781133,1,1857679.268333334,206.09300000000002,121.95,129.8825,125.03999999999998,328.96166666666664,321.02916666666664,325.87166666666667
856,740781190,1,5098.133333333334,4.22,0.0,10.98,26.92,39.400000000000006,28.42,12.48
857,740781208,1,29925.095000000005,7.430000000000001,3.0,9.28,13.875,25.74,19.46,14.864999999999998
858,740790258,1,775005.2133333336,146.94,154.74,183.39,195.58,484.71000000000004,456.06,443.87
859,740790381,1,570943.7433333333,106.95500000000001,52.19,97.39,184.74,354.42,309.22,221.87
860,750000523,3,1551944.8983333334,306.5,357.15999999999997,378.54,115.51,659.03,637.65,900.68
861,750000549,3,397596.475,203.68,255.84,242.05,59.75,406.96000000000004,420.75,603.0500000000001
862,750055287,3,23544.29,18.73,9.0,43.56,13.7,67.26,32.7,62.56
863,750110025,1,73608.03000000003,89.91000000000001,95.07000000000001,151.63,84.68,281.83,225.26999999999998,292.21999999999997
864,750150013,3,40609.115,21.34,6.449999999999999,38.81,4.0,46.650000000000006,14.29,49.10000000000001
865,750150104,3,983385.1883333336,214.92000000000002,94.11,226.24,52.0,403.22,271.09,445.33000000000004
866,750150146,3,82230.86333333333,10.629999999999999,27.630000000000003,24.83,7.65,35.489999999999995,38.290000000000006,55.47
867,750150187,3,5636.553333333334,18.22,2.0100000000000002,18.8,2.72,23.78,6.99,23.070000000000004
868,750150237,3,503006.0533333332,123.69,108.99,163.21,37.12,247.88,193.65999999999997,319.75
869,750150252,3,4224.91,26.82,0.0,33.02,17.93,70.81,37.79,52.88
870,750150260,3,29747.76333333333,25.08,2.4899999999999998,47.5,12.08,,,
871,750150286,3,7996.753333333334,15.9,0.0,25.2,4.8,40.199999999999996,15.0,35.4
872,750150344,3,5098.133333333334,17.770000000000003,3.75,38.77,25.55,70.81,35.79,49.01
873,750150377,3,10414.69,9.59,0.0,,,,,
874,750160012,3,310241.4783333334,166.51999999999998,9.540000000000001,198.98,53.74,552.2099999999999,362.77000000000004,508.01
875,750300014,2,20340.165000000005,32.3,0.0,21.49,2.59,,,
876,750300071,2,129704.05999999995,94.66000000000001,0.0,40.91,8.8,,,
877,750300089,2,55254.04000000002,22.85,0.0,19.37,2.0,,,
878,750300097,3,34558.369999999995,14.64,9.0,6.55,3.2,,,
879,750300121,3,169385.48166666663,66.03999999999999,0.0,38.84,7.65,,,
880,750300139,2,56839.154999999984,42.68,0.0,34.55,3.89,,,
881,750300154,2,135552.055,91.4,0.0,52.36,10.6,,,
882,750300360,2,110052.87666666668,97.93,0.0,76.06,5.6,110.66,34.6,105.06
883,750300410,2,38197.46,25.0,0.0,19.4,4.0,25.9,6.5,21.9
884,750300493,2,55851.670000000006,18.0,0.0,20.96,1.96,,,
885,750300550,2,23914.390000000003,40.0,0.0,10.5,1.0,,,
886,750300592,2,46491.64,39.5,0.0,17.0,1.0,,,
887,750300667,3,32091.99,18.0,0.0,15.43,4.08,,,
888,750300741,2,31842.67000000001,22.0,0.0,13.56,1.2,,,
889,750300766,2,155376.22166666668,50.29,0.0,49.28,4.16,,,
890,750300774,2,68854.82,47.52,0.0,24.37,2.96,,,
891,750300840,2,41782.73,73.0,0.0,23.04,3.47,,,
892,750300857,2,24919.75,17.1,0.0,9.0,1.0,,,
893,750300881,2,64504.68,46.0,0.0,26.72,2.08,,,
894,750300915,2,79857.20499999999,56.1,0.0,47.27,9.0,,,
895,750300931,2,12523.73,23.39,0.0,11.46,0.15,,,
896,750301137,2,115615.47000000002,50.31,0.0,48.92,11.0,,,
897,750301145,2,114170.84999999998,58.0,0.0,42.19,4.0,52.989999999999995,10.8,48.989999999999995
898,750301160,2,69369.02000000002,22.0,12.0,21.89,5.72,,,
899,750712184,1,9116903.050000008,445.42535630280895,311.53912865497085,215.91105263157897,165.55736842105264,544.2281578947369,639.8562339181287,690.2099181286551
900,750790164,2,1302.34,6.5,0.0,3.0,,,,
901,750810798,1,6417.44,12.9,6.0,20.72,11.5,38.46,23.740000000000002,32.96
902,760000166,3,330687.14833333343,77.72,135.0,127.45,29.05,296.74,304.29,402.69
903,760021329,2,259737.52166666664,64.34,4.199999999999999,59.46,16.94,95.77,40.510000000000005,83.03
904,760024042,1,722762.0933333333,95.49999999999999,96.0,110.33,76.245,236.445,222.115,256.2
905,760025312,2,177368.72666666663,73.5,0.0,63.25,13.68,97.43,34.18,83.75
906,760027292,2,71784.44166666665,26.5,0.0,17.64,6.6,25.54,7.8999999999999995,18.94
907,760780023,1,566145.0583333331,120.78,189.51000000000002,80.0,56.035,180.33,289.84000000000003,313.80500000000006
908,760780056,1,10395.095,10.120000000000001,0.0,16.96,18.25,44.36,27.4,26.11
909,760780064,1,11110.46,2.86,0.0,7.24,15.51,29.009999999999998,21.77,13.5
910,760780205,2,31675.09500000001,27.0,0.0,8.84,3.4,,,
911,760780239,1,3091538.028333338,376.4241666666667,706.4066666666666,146.036,222.32799999999997,497.7575,1058.1281666666666,981.8361666666667
912,760780254,1,3318.72,3.34,3.0,4.64,4.85,10.719999999999999,9.08,8.87
913,760780262,1,73599.84500000002,28.009999999999998,28.53,32.18,16.28,52.18,48.53,64.43
914,760780510,2,155309.795,42.32,0.0,40.23,19.18,,,
915,760780619,2,194667.50666666668,45.879999999999995,0.0,50.19,28.0,,,
916,760780668,2,22373.580000000005,15.0,0.0,7.42,,,,
917,760780726,1,1219933.2933333332,209.18,152.785,119.07666666666665,169.13333333333333,399.11833333333334,432.8266666666667,382.77
918,760780734,1,200719.63333333333,46.86500000000001,18.88,29.069999999999997,48.205,87.815,77.625,58.489999999999995
919,760780742,1,106341.07333333336,22.92,16.71,24.34,13.105,58.215,50.585,61.82
920,760780783,2,28601.470000000005,8.25,0.0,11.1,2.0,,,
921,760780791,2,113355.24166666673,33.0,0.0,41.46,31.12,82.65,41.19,51.53
922,760780825,2,45861.935000000005,7.5,0.0,11.4,5.0,,,
923,760783159,2,9145.645,9.07,0.0,9.0,4.16,,,
924,760921809,2,224940.38166666657,61.5,0.0,56.5,10.1,76.89999999999999,20.4,66.8
925,770020477,3,122991.50333333334,52.4,0.0,70.8,26.0,124.8,54.0,98.8
926,770021145,1,1679703.7433333346,211.1413333333333,121.3725,102.13799999999999,151.65333333333334,350.53066666666666,369.7651666666667,320.2498333333333
927,770021152,1,631327.0633333331,88.69666666666666,43.92,84.78666666666666,41.76,174.9033333333333,134.03666666666666,177.06333333333333
928,770110054,1,658214.668333333,186.39,99.315,123.915,84.425,284.01,259.40999999999997,298.9
929,770110070,1,290258.9633333334,79.46000000000001,22.740000000000002,105.48,72.26,223.25,140.51000000000002,173.73000000000002
930,770300010,2,100283.97499999996,29.0,0.0,36.0,2.8,,,
931,770300135,2,145596.84999999998,46.53,0.0,32.69,2.5,50.989999999999995,18.3,48.489999999999995
932,770300143,2,129952.18166666669,31.0,0.0,31.15,14.92,,,
933,770300192,2,22399.01,14.12,0.0,13.33,2.0,,,
934,770300275,2,17844.209999999995,23.0,0.0,6.94,1.5,,,
935,770790707,2,92628.4,32.0,0.0,21.81,5.0,,,
936,770813400,2,68173.68666666668,22.0,0.0,19.0,1.0,,,
937,780001236,1,1008724.3133333328,186.455,166.135,160.045,125.535,395.87,401.96,436.46999999999997
938,780002697,1,241751.54333333336,82.43666666666667,69.39,44.10333333333333,45.94,116.13,141.41666666666669,139.57999999999998
939,780018727,2,59043.455,30.259999999999998,0.0,19.66,2.0,,,
940,780021788,1,10852.68,4.2,0.0,10.05,11.04,23.490000000000002,13.44,12.450000000000001
941,780022737,2,25859.936666666665,,0.0,4.71,1.2,6.61,1.9,5.41
942,780024113,1,59672.35,59.275000000000006,17.82,68.24,56.64,152.31,101.88999999999999,113.48999999999998
943,780110011,1,498729.8633333332,165.72,142.2,165.86,168.76,434.91,411.24999999999994,408.35
944,780110052,1,353981.0033333334,99.11999999999999,69.42,120.19,66.09,239.32,188.55,242.64999999999998
945,780110078,1,1135086.1483333337,366.195,272.8,154.95,119.71,444.03999999999996,561.89,597.13
946,780130027,1,5098.133333333334,4.87,0.99,8.81,4.58,15.22,7.4,11.63
947,780150033,3,5098.133333333334,5.43,0.0,7.33,3.8,13.030000000000001,5.7,9.23
948,780150066,3,211559.46333333335,33.24,6.540000000000001,35.88,25.9,81.0,51.66,61.64000000000001
949,780300075,2,61384.6,12.2,0.0,40.1,21.67,70.85,30.75,49.18
950,780300125,2,70674.54499999998,17.3,0.0,19.3,3.0,,,
951,780300208,2,71285.655,31.7,0.0,29.96,4.44,43.61,13.650000000000002,39.17
952,780300323,2,136678.82499999995,39.5,3.0,27.83,3.59,40.28999999999999,15.46,39.699999999999996
953,780300406,2,286363.68500000006,74.8,0.0,33.94,7.93,,,
954,780300414,2,203307.5216666666,51.25,0.0,49.47,11.24,70.69999999999999,21.23,59.459999999999994
955,780300422,2,179191.91666666654,61.5,0.0,53.52,18.69,,,
956,780300455,2,57923.41499999998,30.85,0.0,34.7,9.5,,,
957,780630026,3,7500.639999999999,5.82,0.0,11.48,11.48,31.83,20.35,20.349999999999998
958,790000012,1,1045843.363333334,221.575,235.20000000000002,173.17999999999998,141.9,407.895,469.915,501.19499999999994
959,790006654,1,350598.6983333333,42.236666666666665,33.33,42.2925,62.985,145.1175,136.15499999999997,115.46249999999999
960,790009948,2,143150.8549999999,32.9,0.0,47.91,12.56,65.24,17.330000000000002,52.67999999999999
961,790019491,1,29399.68333333333,6.1850000000000005,0.44999999999999996,16.95,60.55,82.77,66.27,22.669999999999998
962,800000028,1,554807.548333333,124.92500000000001,62.083333333333336,50.343333333333334,114.07,231.86333333333332,243.60333333333332,179.87666666666667
963,800000036,1,9459.598333333335,9.559999999999999,2.0999999999999996,8.915000000000001,19.39,31.655,24.840000000000003,14.365
964,800000044,1,2862442.6433333345,364.17499999999995,676.83,194.815,256.68333333333334,587.3616666666667,1069.3766666666668,1007.5083333333334
965,800000069,1,67888.23833333333,30.60000000000001,28.17,43.64,31.52,93.95,78.48,90.6
966,800000077,1,9574.875000000002,16.854999999999997,0.0,21.65,32.6,64.75999999999999,43.11,32.16
967,800000085,1,46472.38833333332,22.35,8.424999999999999,15.535,17.479999999999997,52.04,44.92999999999999,42.985
968,800000093,1,104918.09333333332,38.25,13.47,14.91,41.54,68.83333333333333,67.39333333333333,40.763333333333335
969,800002503,2,70867.35499999998,21.0,0.0,28.63,17.53,,,
970,800009466,2,126027.16,28.5,0.0,34.1,19.27,,,
971,800009920,2,222900.6216666666,80.14,0.0,68.23,9.89,85.47,17.240000000000002,75.58
972,800013179,2,23986.21666666667,89.2,0.0,11.3,1.5,,,
973,800015729,2,66458.5,51.1,0.0,19.64,1.5,33.23,13.59,31.729999999999997
974,800018491,2,4113.4800000000005,8.0,0.0,2.2,,,,
975,810000224,2,232760.15166666664,48.65,0.0,44.05,12.2,68.35,24.299999999999997,56.15
976,810000331,1,398625.5283333334,106.56,75.0,146.74,81.22,296.84000000000003,225.1,290.62
977,810000349,1,21079.353333333333,6.26,0.0,15.87,36.95,58.56,42.690000000000005,21.61
978,810000380,1,607060.3483333329,139.26749999999998,97.77000000000001,44.974999999999994,56.93333333333333,122.57666666666665,175.37166666666667,163.41333333333336
979,810000398,1,5098.133333333334,1.6400000000000001,0.0,11.02,7.6,23.240000000000002,12.219999999999999,15.64
980,810000448,3,11719.553333333331,5.3100000000000005,0.0,12.85,5.5,21.15,8.3,15.65
981,810000455,1,74702.84333333332,55.040000000000006,17.49,80.99,91.81,236.04,172.54000000000002,161.72
982,810101170,2,102096.75999999998,24.310000000000002,0.0,33.13,5.86,48.760000000000005,15.629999999999999,42.900000000000006
983,810101444,2,120982.82,27.2,0.0,27.78,16.87,55.49000000000001,27.71,38.620000000000005
984,820000016,1,447386.8833333331,141.375,125.33999999999999,80.045,168.98,329.755,375.04999999999995,286.115
985,820000040,2,100775.02499999998,27.21,0.0,19.88,8.88,,,
986,820000057,2,265784.69666666666,69.16000000000001,0.0,47.76,19.46,77.5,29.740000000000002,58.04
987,820000065,2,24541.149999999998,28.34,0.0,12.75,1.0,,,
988,820004950,1,98941.10333333332,27.805,0.0,23.79,14.703333333333331,50.93333333333333,27.14333333333333,36.23
989,830100103,2,114975.9866666667,50.83,0.0,39.84,18.01,,,
990,830100251,2,93442.17166666668,35.120000000000005,0.0,21.87,3.51,32.74,10.870000000000001,29.23
991,830100319,2,219854.7750000001,52.59,0.0,35.78,6.57,,,
992,830100327,2,65315.64499999998,29.0,0.0,12.6,3.5,,,
993,830100368,2,80663.505,23.96,0.0,10.21,2.56,,,
994,830100392,2,112358.83666666664,42.3,0.0,27.64,9.59,43.519999999999996,15.879999999999999,33.93
995,830100418,2,41573.64000000001,23.55,0.0,7.48,5.0,,,
996,830100434,2,189760.92666666672,68.27,0.0,63.36,24.08,,,
997,830100459,2,74659.39,55.93,0.0,26.77,3.91,,,
998,830100475,2,61153.71000000001,38.61,0.0,10.55,6.1,,,
999,830100517,1,262519.7099999999,46.395,19.14,36.18,24.709999999999997,90.14,73.1,84.57000000000001
1000,830100525,1,410540.1633333332,128.23999999999998,21.88,73.095,110.48,237.26999999999998,186.055,148.67
1001,830100533,1,406261.995,60.14999999999999,46.410000000000004,32.14333333333334,27.326666666666664,77.46000000000001,91.72666666666666,96.54333333333335
1002,830100566,1,622570.3233333331,133.68,55.28,99.305,56.135,204.245,160.22,203.39000000000001
1003,830100574,1,783672.6333333331,126.41,214.26,209.37,88.0,433.63,438.52,559.89
1004,830100590,1,70387.66333333332,23.62,9.57,34.57,16.59,60.870000000000005,35.87,53.85
1005,830100616,1,1276730.6783333349,202.67000000000002,97.29500000000002,148.8766666666667,120.68666666666667,359.0733333333334,307.4916666666667,335.68166666666673
1006,830100855,2,35417.009999999995,11.93,0.0,19.71,8.66,31.740000000000002,12.030000000000001,23.080000000000002
1007,830200523,3,128952.96000000004,31.17,0.0,27.35,2.97,,,
1008,840000012,1,43166.80333333333,19.37,2.46,15.27,36.75,59.705,46.895,25.415
1009,840000046,1,158390.72,37.22,15.629999999999999,62.25,58.72,132.09,85.47,89.0
1010,840000079,1,5098.133333333334,3.0700000000000003,0.0,9.16,12.3,26.76,17.6,14.46
1011,840000087,1,313780.9633333334,59.03,19.259999999999998,79.35,75.81,190.64,130.55,134.08999999999997
1012,840000111,1,47210.47333333332,9.48,0.0,25.24,18.74,51.69,26.45,32.95
1013,840000129,1,34099.12333333334,7.3,0.0,15.14,18.69,40.400000000000006,25.26,21.71
1014,840000285,2,83913.08499999998,33.08,0.0,20.92,4.62,,,
1015,840000327,2,46711.44,5.25,0.0,8.25,1.93,,,
1016,840000350,3,60636.09333333334,45.129999999999995,6.0,89.47,18.31,193.12,109.65,180.81
1017,840000400,2,69586.67499999999,23.83,0.0,17.3,2.5,30.1,12.8,27.6
1018,840000467,2,69817.12,16.5,0.0,11.03,,,,
1019,840004659,1,143540.4033333333,36.475,16.200000000000003,28.33,23.77,65.695,53.565,58.125
1020,840006597,1,1365286.138333334,267.9100000000001,255.75,129.21333333333334,287.25,611.4033333333333,737.94,579.9033333333333
1021,840013312,2,144539.01000000004,28.22,0.0,32.64,3.12,,,
1022,840013445,2,70644.82500000001,25.5,0.0,13.0,5.0,,,
1023,840017172,2,111703.16000000005,25.42,0.0,17.8,5.4,34.6,16.8,29.200000000000003
1024,850000019,1,1517322.473333334,153.91666666666666,115.87666666666668,133.23999999999998,124.19,343.2633333333333,325.9,334.95
1025,850000035,1,158046.0383333334,30.979999999999997,22.3,23.775000000000002,67.75,112.735,111.25999999999999,67.285
1026,850000084,1,310223.8883333333,50.00999999999999,49.89,43.725,29.075,110.04,116.205,130.85500000000002
1027,850000118,2,178029.77666666658,37.3,3.0,26.61,,,,36.31
1028,850000126,2,80254.32500000003,15.1,0.0,14.99,10.75,,,
1029,850000134,2,131209.92000000004,15.75,0.0,21.13,,,,25.259999999999998
1030,850009010,1,382673.9133333332,42.42566666666667,29.820000000000004,31.035,44.873333333333335,106.23333333333333,105.01833333333335,91.18
1031,850025867,1,6508.29,5.84,2.4899999999999998,20.11,38.46,69.7,52.080000000000005,33.730000000000004
1032,860010321,2,196845.6166666665,57.13,0.0,45.09,18.32,69.4,24.31,51.080000000000005
1033,860013382,1,413730.3983333333,54.25500000000001,29.28,51.565,67.13,139.03,116.745,101.18
1034,860014208,1,2661490.643333335,330.45500000000004,672.8716666666666,182.01333333333332,253.43999999999997,673.7083333333333,1164.5666666666666,1093.1399999999999
1035,860780311,2,52891.850000000006,16.21,0.0,20.47,11.55,,,
1036,860780568,2,49291.925,17.3,0.0,11.99,2.0,14.99,3.0,12.99
1037,870000015,1,2161254.848333332,212.64750000000004,441.81250000000006,143.14,197.83000000000004,438.87750000000005,737.5500000000002,682.86
1038,870000023,1,194218.50333333333,41.80166666666666,39.480000000000004,20.906666666666666,35.074999999999996,73.225,91.79833333333333,77.63
1039,870000031,1,77801.62333333335,32.13,17.19,35.84,38.64,88.41,69.76,66.96000000000001
1040,870000288,2,383926.52166666667,72.56,3.0,95.89,31.35,140.06,47.17,111.71000000000001
1041,870000411,2,143630.17500000002,28.02,0.0,16.52,1.01,,,
1042,870014248,1,5098.133333333334,7.4,3.0,13.33,36.17,51.32,40.99,18.15
1043,870014503,1,22991.54333333333,3.5166666666666666,3.24,10.923333333333332,21.326666666666664,34.60666666666666,26.923333333333332,16.52
1044,880007059,1,493606.3333333333,100.25000000000001,64.80000000000001,63.39666666666667,56.935,198.66166666666666,200.065,206.52666666666667
1045,880007299,1,309816.4783333334,37.985,15.715,55.14,43.3,128.55,89.125,100.965
1046,880780069,1,5715.17,5.870000000000001,0.0,21.22,21.09,48.81,27.59,27.72
1047,880780077,1,346087.9733333333,74.78999999999999,46.49,55.23,50.41,130.12,121.38,126.19999999999999
1048,880780093,1,370474.7450000001,68.01500000000001,19.14,49.56,62.15,158.725,128.305,115.715
1049,880780325,1,2339.03,,0.0,,2.47,,,
1050,880788591,2,171043.72499999998,47.0,0.0,41.16,44.7,,,
1051,890000037,1,792515.0783333335,124.85,87.0,185.14,230.37,496.81,398.67,353.44
1052,890000169,2,98213.93666666662,21.63,0.0,24.17,9.21,,,
1053,890000409,1,52140.50333333333,15.94,12.629999999999999,35.32,26.96,69.14,46.45,54.81
1054,890000417,1,92778.47333333331,34.165,6.09,23.76,21.19,79.29,61.620000000000005,64.19
1055,890000433,1,39746.99999999999,19.45,0.0,46.67,58.0,124.12,77.45,66.12
1056,890002389,2,75062.51666666665,25.5,0.0,27.0,4.0,,,
1057,890970569,1,644289.7833333331,99.495,71.54,80.675,138.32,255.825,246.69,189.04500000000002
1058,900000035,2,67947.11999999998,21.2,0.0,20.7,16.5,42.0,21.3,25.5
1059,900000365,1,1462678.4333333336,233.58166666666668,109.83333333333333,129.17333333333335,138.26333333333332,381.47166666666664,362.13166666666666,353.04166666666663
1060,910002773,1,1374484.4383333337,345.935,289.0,210.3,124.6,564.72,643.42,729.12
1061,910015965,2,1748.86,10.0,0.0,10.0,2.0,14.0,4.0,12.0
1062,910019447,1,370085.42,55.53500000000001,27.090000000000003,61.545,40.695,140.02,105.565,126.415
1063,910110014,1,252473.12833333336,87.89999999999999,49.59,74.96,62.47,176.44,151.07,163.56
1064,910110055,1,875885.5833333328,143.815,80.73133333333332,68.976,53.2375,171.0235,182.77883333333332,198.51733333333334
1065,910150010,3,1171.21,12.799999999999999,0.0,25.08,11.0,38.76,13.68,27.759999999999998
1066,910150028,3,125480.70833333331,69.84,4.32,83.53,59.16,162.32,83.10999999999999,107.47999999999999
1067,910150069,3,119647.59333333332,29.15,0.0,41.73,30.33,84.16999999999999,42.44,53.839999999999996
1068,910300011,2,51667.15499999999,23.5,4.5,16.64,2.36,,,
1069,910300029,2,29980.680000000004,3.66,0.0,15.85,1.16,20.38,4.53,19.22
1070,910300144,2,133789.11166666666,38.800000000000004,0.0,35.34,6.7,45.86000000000001,10.52,39.160000000000004
1071,910300177,2,141153.605,32.0,0.0,46.64,7.58,,,
1072,910300219,2,446754.8949999999,71.44,12.0,71.41,13.18,106.77000000000001,47.36,105.59
1073,910300300,2,86360.58499999999,21.6,0.0,38.0,9.3,,,
1074,910300326,2,22687.756666666668,9.68,0.0,13.66,2.0,19.16,5.5,17.16
1075,910300359,2,22662.94,17.58,0.0,15.1,3.7,,,
1076,910500040,3,5098.133333333334,,0.0,10.63,7.75,22.520000000000003,11.89,14.770000000000001
1077,910803543,2,220700.67166666663,54.0,12.0,53.7,18.8,83.5,41.8,76.7
1078,910805357,2,59457.14,35.99,0.0,21.0,2.4,,,
1079,920000460,3,179948.15333333335,96.15,5.7299999999999995,130.58,38.33,348.99,224.14000000000001,316.39000000000004
1080,920000635,3,28388.38,20.500000000000004,0.0,32.03,4.48,45.14,13.110000000000001,40.66
1081,920000643,3,390508.7483333331,96.22000000000001,57.0,97.99,6.23,128.51999999999998,87.53,179.29
1082,920000650,3,1218881.5833333328,296.20000000000005,424.0,400.79,104.39,668.49,691.7,988.1
1083,920009909,1,358944.7083333332,85.80000000000001,32.730000000000004,54.269999999999996,24.23,105.25,83.71000000000001,113.75
1084,920026374,1,314673.47333333315,74.61,42.475,30.53,17.403333333333332,76.92333333333333,88.86833333333334,101.995
1085,920110020,1,190013.3283333333,104.33000000000001,64.56,166.56,72.09,289.69,187.69,282.15999999999997
1086,920110053,1,62641.13,23.43,2.9699999999999998,35.26,27.95,74.03999999999999,41.75,49.059999999999995
1087,920120011,1,709365.1533333333,160.14999999999998,46.2,246.91,62.2,,,
1088,920300043,2,397087.9616666666,136.32999999999998,36.0,112.37,20.0,144.27,67.9,160.27
1089,920300183,2,15568.92,30.5,0.0,12.0,1.0,,,
1090,920300191,2,40837.280000000006,40.5,6.0,24.7,2.0,,,
1091,920300266,2,19690.966666666667,18.349999999999998,0.0,15.22,3.64,22.650000000000002,7.43,19.01
1092,920300365,2,56956.45999999999,36.0,3.0,17.93,5.81,,,
1093,920300415,2,77232.88666666667,41.8,0.0,22.74,4.79,35.31,12.57,30.52
1094,920300597,2,141912.96666666662,48.300000000000004,0.0,36.42,6.19,45.0,8.58,38.81
1095,920300712,2,30983.58,59.33,0.0,9.98,3.0,,,
1096,920300753,2,425375.07000000007,94.6,9.0,68.69,23.73,113.19,53.5,98.46
1097,920300761,2,103370.65666666666,88.0,0.0,12.98,4.92,,,
1098,920300787,3,177690.62500000003,154.97000000000003,15.059999999999999,307.08,214.77,612.02,320.0,412.31
1099,920300837,2,34391.97000000001,40.0,0.0,20.57,3.09,27.849999999999998,7.28,24.759999999999998
1100,920300845,3,5636.553333333334,7.06,0.0,7.93,2.98,13.01,5.08,10.03
1101,920300936,2,92913.25,33.5,0.0,26.26,3.7,34.96,8.7,31.26
1102,930021480,1,799699.0933333337,187.225,127.075,118.54,86.73,266.015,274.55,306.36
1103,930110036,1,478066.1549999999,149.65,234.0,161.32,101.72,336.98,409.65999999999997,469.26
1104,930110051,1,644593.9033333333,194.08500000000004,198.2833333333333,86.45666666666666,58.89000000000001,215.235,327.0616666666666,354.62833333333333
1105,930110069,1,677244.5533333335,277.54,325.35,282.4,171.62,605.39,648.34,759.12
1106,930150032,3,21000.79,21.2,0.0,12.59,3.0,16.490000000000002,3.9,13.49
1107,930300025,2,133687.67166666666,46.5,0.0,84.65,6.9,137.18,52.53,130.28
1108,930300066,2,107775.19999999995,47.5,0.0,59.2,11.76,78.36000000000001,19.16,66.60000000000001
1109,930300082,2,108307.25166666668,55.5,0.0,38.93,3.0,53.71,14.78,50.71
1110,930300116,2,126307.28999999998,44.3,0.0,53.5,11.6,72.0,18.5,60.400000000000006
1111,930300264,2,37279.89,18.3,0.0,17.67,1.06,,,
1112,930300298,2,69479.175,24.5,0.0,22.6,3.0,,,
1113,930300553,2,141055.70166666663,60.230000000000004,0.0,64.7,14.17,90.37,25.67,76.2
1114,930300587,2,33657.09000000001,27.5,0.0,19.96,9.45,,,
1115,930300595,2,106853.54666666665,38.9,0.0,72.86,9.73,89.09,16.23,79.36
1116,930300645,2,343739.505,55.39,0.0,74.55,10.11,,,
1117,940000649,3,550768.018333333,126.37,132.0,132.3,25.76,221.64000000000001,221.34,327.88
1118,940000656,3,38384.28333333334,10.46,1.47,39.47,51.49,94.54,56.54,44.52
1119,940000664,3,1011017.2483333336,281.65999999999997,402.0,459.58,126.77,1000.5799999999999,943.0,1275.81
1120,940006679,2,102715.46,45.3,3.0,34.21,5.41,42.74000000000001,11.530000000000001,40.330000000000005
1121,940016819,1,59833.08,127.315,60.53,111.97999999999999,93.4,288.485,237.035,255.61499999999998
1122,940110018,1,741178.2333333333,284.9,328.29,265.15,207.5,656.62,719.76,777.4100000000001
1123,940110042,1,705126.4933333332,198.38,275.01,127.215,64.21,244.125,391.91999999999996,454.925
1124,940120017,1,476148.1783333335,128.43,48.0,194.96,67.16,,,
1125,940300031,2,175956.24166666655,61.0,0.0,50.35,9.57,71.66,21.310000000000002,62.09
1126,940300163,2,4440.63,12.95,0.0,10.9,8.5,23.0,12.1,14.5
1127,940300270,2,119607.23,56.5,1.5,34.8,10.6,62.99999999999999,29.699999999999996,53.89999999999999
1128,940300379,2,86041.14,46.16,0.0,23.09,2.23,,,
1129,940300445,2,58490.55,24.34,12.57,28.42,5.65,,,
1130,940300452,2,11731.19,14.59,0.0,26.0,5.69,,,
1131,940300494,2,52799.335,24.5,0.0,27.28,4.11,33.09,5.8100000000000005,28.98
1132,940300551,2,24158.97,18.25,0.0,15.99,2.0,19.490000000000002,3.5,17.490000000000002
1133,940300569,2,64955.225000000006,34.5,0.0,35.75,7.76,46.57,10.82,38.81
1134,940813033,2,61546.455,44.62,0.0,20.4,2.86,,,
1135,950000406,3,22105.11,4.7700000000000005,0.0,13.95,2.36,23.869999999999997,9.92,21.509999999999998
1136,950001370,1,184829.64499999996,77.22500000000001,49.83,35.47666666666667,40.153333333333336,93.04666666666667,107.4,102.72333333333333
1137,950013870,1,777416.0633333329,244.53,286.74,231.11,211.05,582.96,638.59,658.6500000000001
1138,950015289,1,18313.88833333333,27.72,3.93,8.229999999999999,25.75333333333333,41.00666666666666,36.70666666666666,19.18333333333333
1139,950032714,2,38121.93500000001,24.94,0.0,13.82,0.5,,,
1140,950110015,1,1079006.713333334,266.97,312.63,248.02,181.78,615.73,680.3399999999999,746.58
1141,950110049,1,682436.188333333,232.31,280.65000000000003,230.04,318.48,687.66,738.27,649.8299999999999
1142,950110080,1,1204192.1633333338,284.73,297.57,352.73,245.16,777.64,722.48,830.05
1143,950300095,2,40569.825,19.0,0.0,20.17,3.0,,,
1144,950300152,2,6921.856666666667,,0.0,7.0,1.0,,,
1145,950300202,2,100849.69499999998,43.0,0.0,36.77,3.31,,,
1146,950300244,2,127339.91666666666,51.35,0.0,44.68,7.51,75.52000000000001,30.839999999999996,68.01
1147,950300277,2,140779.19166666668,52.56,0.0,74.95,14.46,96.97,22.020000000000003,82.50999999999999
1148,950300301,2,6779.931666666667,11.27,0.0,22.56,3.0,29.88,7.32,26.88
1149,950300350,2,11099.39,13.8,0.0,6.6,1.0,,,
1150,950630012,3,20931.22,13.799999999999999,2.4899999999999998,23.07,12.7,80.17,59.589999999999996,69.96
1151,950807982,2,177318.82666666672,75.8,0.0,61.0,6.0,75.82000000000001,14.82,69.82000000000001
